[{"model": "admin.logentry", "pk": 1, "fields": {"action_time": "2022-07-04T13:18:05.620Z", "user": 1, "content_type": 7, "object_id": "1", "object_repr": "ScoreEmporium.com", "action_flag": 2, "change_message": "[{\"changed\": {\"fields\": [\"Domain name\", \"Display name\"]}}]"}}, {"model": "admin.logentry", "pk": 2, "fields": {"action_time": "2022-07-05T13:07:44.457Z", "user": 1, "content_type": 8, "object_id": "2", "object_repr": "luketedmusic@gmail.com", "action_flag": 2, "change_message": "[{\"changed\": {\"fields\": [\"Verified\", \"Primary\"]}}]"}}, {"model": "admin.logentry", "pk": 3, "fields": {"action_time": "2022-07-05T13:07:50.261Z", "user": 1, "content_type": 8, "object_id": "1", "object_repr": "luketedwards96@hotmail.com", "action_flag": 2, "change_message": "[{\"changed\": {\"fields\": [\"Verified\"]}}]"}}, {"model": "admin.logentry", "pk": 4, "fields": {"action_time": "2022-07-05T21:34:11.419Z", "user": 1, "content_type": 13, "object_id": "1", "object_repr": "Test Tab Files", "action_flag": 1, "change_message": "[{\"added\": {}}]"}}, {"model": "admin.logentry", "pk": 5, "fields": {"action_time": "2022-07-05T22:24:39.759Z", "user": 1, "content_type": 13, "object_id": "1", "object_repr": "Test Tab Files", "action_flag": 3, "change_message": ""}}, {"model": "admin.logentry", "pk": 6, "fields": {"action_time": "2022-07-05T22:28:26.509Z", "user": 1, "content_type": 13, "object_id": "2", "object_repr": "Annie's Song", "action_flag": 1, "change_message": "[{\"added\": {}}]"}}, {"model": "admin.logentry", "pk": 7, "fields": {"action_time": "2022-07-05T22:32:59.037Z", "user": 1, "content_type": 13, "object_id": "2", "object_repr": "Annie's Song", "action_flag": 2, "change_message": "[{\"changed\": {\"fields\": [\"Image\"]}}]"}}, {"model": "admin.logentry", "pk": 8, "fields": {"action_time": "2022-07-05T23:29:45.890Z", "user": 1, "content_type": 13, "object_id": "3", "object_repr": "test product", "action_flag": 1, "change_message": "[{\"added\": {}}]"}}, {"model": "admin.logentry", "pk": 9, "fields": {"action_time": "2022-07-11T12:21:34.337Z", "user": 1, "content_type": 13, "object_id": "4", "object_repr": "King of the Fairies", "action_flag": 1, "change_message": "[{\"added\": {}}]"}}, {"model": "admin.logentry", "pk": 10, "fields": {"action_time": "2022-07-11T12:34:38.990Z", "user": 1, "content_type": 13, "object_id": "4", "object_repr": "King of the Fairies", "action_flag": 2, "change_message": "[{\"changed\": {\"fields\": [\"Video\"]}}]"}}, {"model": "admin.logentry", "pk": 11, "fields": {"action_time": "2022-07-12T11:28:56.069Z", "user": 1, "content_type": 13, "object_id": "5", "object_repr": "FairyTale of New York", "action_flag": 1, "change_message": "[{\"added\": {}}]"}}, {"model": "admin.logentry", "pk": 12, "fields": {"action_time": "2022-07-12T11:46:30.588Z", "user": 1, "content_type": 13, "object_id": "6", "object_repr": "Drowsy Maggie", "action_flag": 1, "change_message": "[{\"added\": {}}]"}}, {"model": "admin.logentry", "pk": 13, "fields": {"action_time": "2022-07-12T22:03:44.722Z", "user": 1, "content_type": 15, "object_id": "1", "object_repr": "Beginner", "action_flag": 1, "change_message": "[{\"added\": {}}]"}}, {"model": "admin.logentry", "pk": 14, "fields": {"action_time": "2022-07-12T22:03:55.633Z", "user": 1, "content_type": 15, "object_id": "2", "object_repr": "Intermediate", "action_flag": 1, "change_message": "[{\"added\": {}}]"}}, {"model": "admin.logentry", "pk": 15, "fields": {"action_time": "2022-07-12T22:04:09.136Z", "user": 1, "content_type": 15, "object_id": "3", "object_repr": "Advanced", "action_flag": 1, "change_message": "[{\"added\": {}}]"}}, {"model": "admin.logentry", "pk": 16, "fields": {"action_time": "2022-07-12T22:04:12.730Z", "user": 1, "content_type": 15, "object_id": "4", "object_repr": "Expert", "action_flag": 1, "change_message": "[{\"added\": {}}]"}}, {"model": "admin.logentry", "pk": 17, "fields": {"action_time": "2022-07-12T22:06:44.799Z", "user": 1, "content_type": 13, "object_id": "7", "object_repr": "Braveheart", "action_flag": 1, "change_message": "[{\"added\": {}}]"}}, {"model": "admin.logentry", "pk": 18, "fields": {"action_time": "2022-07-19T13:24:19.125Z", "user": 1, "content_type": 7, "object_id": "1", "object_repr": "ScoreEmporium.com", "action_flag": 2, "change_message": "[]"}}, {"model": "admin.logentry", "pk": 19, "fields": {"action_time": "2022-07-19T21:49:28.310Z", "user": 1, "content_type": 17, "object_id": "12", "object_repr": "4CE3D1AD05F54159B514E7A4209EB162", "action_flag": 2, "change_message": "[{\"added\": {\"name\": \"order line item\", \"object\": \"SKU None on order 4CE3D1AD05F54159B514E7A4209EB162\"}}]"}}, {"model": "admin.logentry", "pk": 20, "fields": {"action_time": "2022-08-01T17:50:06.672Z", "user": 1, "content_type": 13, "object_id": "65", "object_repr": "Luke Edwards 3", "action_flag": 3, "change_message": ""}}, {"model": "admin.logentry", "pk": 21, "fields": {"action_time": "2022-08-01T17:50:06.674Z", "user": 1, "content_type": 13, "object_id": "64", "object_repr": "Luke Edwards 3", "action_flag": 3, "change_message": ""}}, {"model": "admin.logentry", "pk": 22, "fields": {"action_time": "2022-08-01T17:50:06.675Z", "user": 1, "content_type": 13, "object_id": "63", "object_repr": "Luke Edwards 3", "action_flag": 3, "change_message": ""}}, {"model": "admin.logentry", "pk": 23, "fields": {"action_time": "2022-08-01T17:50:06.677Z", "user": 1, "content_type": 13, "object_id": "62", "object_repr": "Luke Edwards 3", "action_flag": 3, "change_message": ""}}, {"model": "admin.logentry", "pk": 24, "fields": {"action_time": "2022-08-01T17:50:06.678Z", "user": 1, "content_type": 13, "object_id": "61", "object_repr": "Luke Edwards 3", "action_flag": 3, "change_message": ""}}, {"model": "admin.logentry", "pk": 25, "fields": {"action_time": "2022-08-01T17:50:06.679Z", "user": 1, "content_type": 13, "object_id": "60", "object_repr": "Luke Edwards 3", "action_flag": 3, "change_message": ""}}, {"model": "admin.logentry", "pk": 26, "fields": {"action_time": "2022-08-01T17:50:06.681Z", "user": 1, "content_type": 13, "object_id": "59", "object_repr": "Luke Edwards 2", "action_flag": 3, "change_message": ""}}, {"model": "admin.logentry", "pk": 27, "fields": {"action_time": "2022-08-01T17:50:06.682Z", "user": 1, "content_type": 13, "object_id": "58", "object_repr": "Luke Edwards 2", "action_flag": 3, "change_message": ""}}, {"model": "admin.logentry", "pk": 28, "fields": {"action_time": "2022-08-01T17:50:06.684Z", "user": 1, "content_type": 13, "object_id": "57", "object_repr": "Luke Edwards 2", "action_flag": 3, "change_message": ""}}, {"model": "admin.logentry", "pk": 29, "fields": {"action_time": "2022-08-01T17:50:06.685Z", "user": 1, "content_type": 13, "object_id": "56", "object_repr": "Luke Edwards 2", "action_flag": 3, "change_message": ""}}, {"model": "admin.logentry", "pk": 30, "fields": {"action_time": "2022-08-01T17:50:06.687Z", "user": 1, "content_type": 13, "object_id": "55", "object_repr": "Luke Edwards 2", "action_flag": 3, "change_message": ""}}, {"model": "admin.logentry", "pk": 31, "fields": {"action_time": "2022-08-01T17:50:06.689Z", "user": 1, "content_type": 13, "object_id": "54", "object_repr": "Luke Edwards 2", "action_flag": 3, "change_message": ""}}, {"model": "admin.logentry", "pk": 32, "fields": {"action_time": "2022-08-01T17:50:06.690Z", "user": 1, "content_type": 13, "object_id": "53", "object_repr": "Luke Edwards 2", "action_flag": 3, "change_message": ""}}, {"model": "admin.logentry", "pk": 33, "fields": {"action_time": "2022-08-01T17:50:06.692Z", "user": 1, "content_type": 13, "object_id": "52", "object_repr": "Luke Edwards 2", "action_flag": 3, "change_message": ""}}, {"model": "admin.logentry", "pk": 34, "fields": {"action_time": "2022-08-01T17:50:06.693Z", "user": 1, "content_type": 13, "object_id": "51", "object_repr": "Luke Edwards", "action_flag": 3, "change_message": ""}}, {"model": "admin.logentry", "pk": 35, "fields": {"action_time": "2022-08-01T17:50:06.695Z", "user": 1, "content_type": 13, "object_id": "50", "object_repr": "qweert 4", "action_flag": 3, "change_message": ""}}, {"model": "admin.logentry", "pk": 36, "fields": {"action_time": "2022-08-01T17:50:06.696Z", "user": 1, "content_type": 13, "object_id": "48", "object_repr": "qweert 2", "action_flag": 3, "change_message": ""}}, {"model": "admin.logentry", "pk": 37, "fields": {"action_time": "2022-08-01T17:50:06.698Z", "user": 1, "content_type": 13, "object_id": "47", "object_repr": "qweert", "action_flag": 3, "change_message": ""}}, {"model": "admin.logentry", "pk": 38, "fields": {"action_time": "2022-08-01T17:50:06.699Z", "user": 1, "content_type": 13, "object_id": "46", "object_repr": "qweert", "action_flag": 3, "change_message": ""}}, {"model": "admin.logentry", "pk": 39, "fields": {"action_time": "2022-08-01T17:50:06.700Z", "user": 1, "content_type": 13, "object_id": "45", "object_repr": "qweert", "action_flag": 3, "change_message": ""}}, {"model": "admin.logentry", "pk": 40, "fields": {"action_time": "2022-08-01T17:50:06.702Z", "user": 1, "content_type": 13, "object_id": "44", "object_repr": "qweert", "action_flag": 3, "change_message": ""}}, {"model": "admin.logentry", "pk": 41, "fields": {"action_time": "2022-08-01T17:50:06.703Z", "user": 1, "content_type": 13, "object_id": "43", "object_repr": "latest", "action_flag": 3, "change_message": ""}}, {"model": "admin.logentry", "pk": 42, "fields": {"action_time": "2022-08-01T17:50:06.705Z", "user": 1, "content_type": 13, "object_id": "42", "object_repr": "latest", "action_flag": 3, "change_message": ""}}, {"model": "admin.logentry", "pk": 43, "fields": {"action_time": "2022-08-01T17:50:06.707Z", "user": 1, "content_type": 13, "object_id": "41", "object_repr": "latest", "action_flag": 3, "change_message": ""}}, {"model": "admin.logentry", "pk": 44, "fields": {"action_time": "2022-08-01T17:50:06.708Z", "user": 1, "content_type": 13, "object_id": "40", "object_repr": "latest", "action_flag": 3, "change_message": ""}}, {"model": "admin.logentry", "pk": 45, "fields": {"action_time": "2022-08-01T17:50:06.710Z", "user": 1, "content_type": 13, "object_id": "37", "object_repr": "newest test 3", "action_flag": 3, "change_message": ""}}, {"model": "admin.logentry", "pk": 46, "fields": {"action_time": "2022-08-01T17:50:06.711Z", "user": 1, "content_type": 13, "object_id": "36", "object_repr": "newest test 2", "action_flag": 3, "change_message": ""}}, {"model": "admin.logentry", "pk": 47, "fields": {"action_time": "2022-08-01T17:50:06.712Z", "user": 1, "content_type": 13, "object_id": "35", "object_repr": "newest test 2", "action_flag": 3, "change_message": ""}}, {"model": "admin.logentry", "pk": 48, "fields": {"action_time": "2022-08-01T17:50:06.714Z", "user": 1, "content_type": 13, "object_id": "34", "object_repr": "newest test", "action_flag": 3, "change_message": ""}}, {"model": "admin.logentry", "pk": 49, "fields": {"action_time": "2022-08-01T17:50:06.715Z", "user": 1, "content_type": 13, "object_id": "33", "object_repr": "test 10", "action_flag": 3, "change_message": ""}}, {"model": "admin.logentry", "pk": 50, "fields": {"action_time": "2022-08-01T17:50:06.716Z", "user": 1, "content_type": 13, "object_id": "32", "object_repr": "test 10", "action_flag": 3, "change_message": ""}}, {"model": "admin.logentry", "pk": 51, "fields": {"action_time": "2022-08-01T17:50:06.718Z", "user": 1, "content_type": 13, "object_id": "31", "object_repr": "test 10", "action_flag": 3, "change_message": ""}}, {"model": "admin.logentry", "pk": 52, "fields": {"action_time": "2022-08-01T17:50:06.719Z", "user": 1, "content_type": 13, "object_id": "30", "object_repr": "test 10", "action_flag": 3, "change_message": ""}}, {"model": "admin.logentry", "pk": 53, "fields": {"action_time": "2022-08-01T17:50:06.721Z", "user": 1, "content_type": 13, "object_id": "29", "object_repr": "test 10", "action_flag": 3, "change_message": ""}}, {"model": "admin.logentry", "pk": 54, "fields": {"action_time": "2022-08-01T17:50:06.722Z", "user": 1, "content_type": 13, "object_id": "28", "object_repr": "test 9", "action_flag": 3, "change_message": ""}}, {"model": "admin.logentry", "pk": 55, "fields": {"action_time": "2022-08-01T17:50:06.724Z", "user": 1, "content_type": 13, "object_id": "27", "object_repr": "test 8", "action_flag": 3, "change_message": ""}}, {"model": "admin.logentry", "pk": 56, "fields": {"action_time": "2022-08-01T17:50:06.726Z", "user": 1, "content_type": 13, "object_id": "26", "object_repr": "test 7", "action_flag": 3, "change_message": ""}}, {"model": "admin.logentry", "pk": 57, "fields": {"action_time": "2022-08-01T17:50:06.727Z", "user": 1, "content_type": 13, "object_id": "25", "object_repr": "test 6", "action_flag": 3, "change_message": ""}}, {"model": "admin.logentry", "pk": 58, "fields": {"action_time": "2022-08-01T17:50:06.729Z", "user": 1, "content_type": 13, "object_id": "24", "object_repr": "test 6", "action_flag": 3, "change_message": ""}}, {"model": "admin.logentry", "pk": 59, "fields": {"action_time": "2022-08-01T17:50:06.730Z", "user": 1, "content_type": 13, "object_id": "23", "object_repr": "test 5", "action_flag": 3, "change_message": ""}}, {"model": "admin.logentry", "pk": 60, "fields": {"action_time": "2022-08-01T17:50:06.732Z", "user": 1, "content_type": 13, "object_id": "22", "object_repr": "test 5", "action_flag": 3, "change_message": ""}}, {"model": "admin.logentry", "pk": 61, "fields": {"action_time": "2022-08-01T17:50:06.733Z", "user": 1, "content_type": 13, "object_id": "21", "object_repr": "test 5", "action_flag": 3, "change_message": ""}}, {"model": "admin.logentry", "pk": 62, "fields": {"action_time": "2022-08-01T17:50:06.735Z", "user": 1, "content_type": 13, "object_id": "20", "object_repr": "test 3", "action_flag": 3, "change_message": ""}}, {"model": "admin.logentry", "pk": 63, "fields": {"action_time": "2022-08-01T17:50:06.736Z", "user": 1, "content_type": 13, "object_id": "19", "object_repr": "test 3", "action_flag": 3, "change_message": ""}}, {"model": "admin.logentry", "pk": 64, "fields": {"action_time": "2022-08-01T17:50:06.738Z", "user": 1, "content_type": 13, "object_id": "18", "object_repr": "test 2", "action_flag": 3, "change_message": ""}}, {"model": "admin.logentry", "pk": 65, "fields": {"action_time": "2022-08-01T17:50:06.739Z", "user": 1, "content_type": 13, "object_id": "17", "object_repr": "test", "action_flag": 3, "change_message": ""}}, {"model": "admin.logentry", "pk": 66, "fields": {"action_time": "2022-08-03T16:02:46.756Z", "user": 1, "content_type": 19, "object_id": "1", "object_repr": "Review object (1)", "action_flag": 3, "change_message": ""}}, {"model": "admin.logentry", "pk": 67, "fields": {"action_time": "2022-08-04T13:17:18.736Z", "user": 1, "content_type": 19, "object_id": "89", "object_repr": "Review object (89)", "action_flag": 2, "change_message": "[{\"changed\": {\"fields\": [\"Subject\"]}}]"}}, {"model": "admin.logentry", "pk": 68, "fields": {"action_time": "2022-08-15T13:20:56.016Z", "user": 1, "content_type": 20, "object_id": "2", "object_repr": "test", "action_flag": 3, "change_message": ""}}, {"model": "admin.logentry", "pk": 69, "fields": {"action_time": "2022-08-15T13:21:03.287Z", "user": 1, "content_type": 20, "object_id": "3", "object_repr": "test", "action_flag": 3, "change_message": ""}}, {"model": "admin.logentry", "pk": 70, "fields": {"action_time": "2022-08-15T13:21:03.288Z", "user": 1, "content_type": 20, "object_id": "1", "object_repr": "test", "action_flag": 3, "change_message": ""}}, {"model": "admin.logentry", "pk": 71, "fields": {"action_time": "2022-08-15T13:30:01.980Z", "user": 1, "content_type": 20, "object_id": "2", "object_repr": "a test", "action_flag": 3, "change_message": ""}}, {"model": "admin.logentry", "pk": 72, "fields": {"action_time": "2022-08-15T13:30:01.984Z", "user": 1, "content_type": 20, "object_id": "1", "object_repr": "a test", "action_flag": 3, "change_message": ""}}, {"model": "admin.logentry", "pk": 73, "fields": {"action_time": "2022-08-16T10:04:25.591Z", "user": 1, "content_type": 20, "object_id": "4", "object_repr": "new test", "action_flag": 3, "change_message": ""}}, {"model": "admin.logentry", "pk": 74, "fields": {"action_time": "2022-08-16T10:04:25.594Z", "user": 1, "content_type": 20, "object_id": "3", "object_repr": "test", "action_flag": 3, "change_message": ""}}, {"model": "admin.logentry", "pk": 75, "fields": {"action_time": "2022-08-16T11:22:48.863Z", "user": 1, "content_type": 21, "object_id": "2", "object_repr": "luketedwards:test:1", "action_flag": 3, "change_message": ""}}, {"model": "admin.logentry", "pk": 76, "fields": {"action_time": "2022-08-16T11:22:48.865Z", "user": 1, "content_type": 21, "object_id": "1", "object_repr": "luketedwards:test:0", "action_flag": 3, "change_message": ""}}, {"model": "admin.logentry", "pk": 77, "fields": {"action_time": "2022-08-16T11:24:43.524Z", "user": 1, "content_type": 21, "object_id": "3", "object_repr": "luketedwards:test:0", "action_flag": 3, "change_message": ""}}, {"model": "admin.logentry", "pk": 78, "fields": {"action_time": "2022-08-16T11:24:51.869Z", "user": 1, "content_type": 20, "object_id": "1", "object_repr": "test", "action_flag": 2, "change_message": "[{\"changed\": {\"fields\": [\"Upvotes\"]}}]"}}, {"model": "admin.logentry", "pk": 79, "fields": {"action_time": "2022-08-16T11:26:00.309Z", "user": 1, "content_type": 21, "object_id": "4", "object_repr": "luketedwards:test:1", "action_flag": 3, "change_message": ""}}, {"model": "admin.logentry", "pk": 80, "fields": {"action_time": "2022-08-16T11:31:49.944Z", "user": 1, "content_type": 20, "object_id": "1", "object_repr": "test", "action_flag": 2, "change_message": "[{\"changed\": {\"fields\": [\"Upvotes\"]}}]"}}, {"model": "admin.logentry", "pk": 81, "fields": {"action_time": "2022-08-16T11:37:59.586Z", "user": 1, "content_type": 20, "object_id": "1", "object_repr": "test", "action_flag": 2, "change_message": "[{\"changed\": {\"fields\": [\"Upvotes\"]}}]"}}, {"model": "admin.logentry", "pk": 82, "fields": {"action_time": "2022-08-16T11:58:16.431Z", "user": 1, "content_type": 21, "object_id": "7", "object_repr": "luketedwards:newtest:0", "action_flag": 3, "change_message": ""}}, {"model": "admin.logentry", "pk": 83, "fields": {"action_time": "2022-08-16T11:58:16.433Z", "user": 1, "content_type": 21, "object_id": "6", "object_repr": "luketedwards2:test:1", "action_flag": 3, "change_message": ""}}, {"model": "admin.logentry", "pk": 84, "fields": {"action_time": "2022-08-16T11:58:16.435Z", "user": 1, "content_type": 21, "object_id": "5", "object_repr": "luketedwards:test:1", "action_flag": 3, "change_message": ""}}, {"model": "admin.logentry", "pk": 85, "fields": {"action_time": "2022-08-16T12:00:46.219Z", "user": 1, "content_type": 21, "object_id": "8", "object_repr": "luketedwards:test:1", "action_flag": 3, "change_message": ""}}, {"model": "admin.logentry", "pk": 86, "fields": {"action_time": "2022-08-16T13:27:14.531Z", "user": 1, "content_type": 20, "object_id": "2", "object_repr": "newtest", "action_flag": 3, "change_message": ""}}, {"model": "admin.logentry", "pk": 87, "fields": {"action_time": "2022-08-16T13:27:14.533Z", "user": 1, "content_type": 20, "object_id": "1", "object_repr": "test", "action_flag": 3, "change_message": ""}}, {"model": "admin.logentry", "pk": 88, "fields": {"action_time": "2022-08-19T19:50:18.192Z", "user": 1, "content_type": 22, "object_id": "11", "object_repr": "Comment object (11)", "action_flag": 3, "change_message": ""}}, {"model": "admin.logentry", "pk": 89, "fields": {"action_time": "2022-08-30T11:13:09.692Z", "user": 1, "content_type": 16, "object_id": "2", "object_repr": "luketedwards", "action_flag": 2, "change_message": "[{\"changed\": {\"fields\": [\"Vendor\"]}}]"}}, {"model": "admin.logentry", "pk": 90, "fields": {"action_time": "2022-08-30T11:13:20.867Z", "user": 1, "content_type": 16, "object_id": "3", "object_repr": "luketedwards2", "action_flag": 2, "change_message": "[{\"changed\": {\"fields\": [\"Vendor\"]}}]"}}, {"model": "admin.logentry", "pk": 91, "fields": {"action_time": "2022-08-30T11:53:02.611Z", "user": 1, "content_type": 16, "object_id": "1", "object_repr": "luketedwards3", "action_flag": 2, "change_message": "[{\"changed\": {\"fields\": [\"Vendor\", \"Sort code\", \"Account number\", \"Card name\"]}}]"}}, {"model": "admin.logentry", "pk": 92, "fields": {"action_time": "2022-08-30T13:16:55.804Z", "user": 1, "content_type": 20, "object_id": "9", "object_repr": "pdf uplad", "action_flag": 2, "change_message": "[{\"changed\": {\"fields\": [\"Likes\", \"Completed\"]}}]"}}, {"model": "auth.user", "pk": 1, "fields": {"password": "pbkdf2_sha256$260000$xM4z2KcO5ka3mF0NiDtqjZ$jQkdrc8qVj/+8aox3tEtL4WnjiX/cL4orFpJMoy0HQ4=", "last_login": "2022-08-31T15:37:47.309Z", "is_superuser": true, "username": "luketedwards", "first_name": "", "last_name": "", "email": "luketedmusic@gmail.com", "is_staff": true, "is_active": true, "date_joined": "2022-07-04T11:30:04.260Z", "groups": [], "user_permissions": []}}, {"model": "auth.user", "pk": 2, "fields": {"password": "pbkdf2_sha256$260000$8Yg0mBPnwTp5l2wwdDr1QZ$k9H6NijSj9H3QAYXECDTajnxnKKINg/8IseqDT71C5U=", "last_login": "2022-08-30T12:52:40.035Z", "is_superuser": false, "username": "luketedwards2", "first_name": "", "last_name": "", "email": "luketedwards96@hotmail.com", "is_staff": false, "is_active": true, "date_joined": "2022-07-05T12:11:25.290Z", "groups": [], "user_permissions": []}}, {"model": "auth.user", "pk": 3, "fields": {"password": "pbkdf2_sha256$260000$uGT7b4tlenyu9hZZNBsmWO$FWMBYexGThA24C5Xot9bQGI34OsZg+/OGN4/MWrO0P0=", "last_login": "2022-08-30T13:17:18.697Z", "is_superuser": false, "username": "luketedwards3", "first_name": "", "last_name": "", "email": "test@gmail.com", "is_staff": false, "is_active": true, "date_joined": "2022-07-17T19:15:53.730Z", "groups": [], "user_permissions": []}}, {"model": "sessions.session", "pk": "828wsmpziampl1nm0ioae4bijn83usc5", "fields": {"session_data": ".eJxVjDsOwjAQBe_iGln-5bOU9JzB2njXxIBsFCcSCHF3CEoB7Zt58xQel3n0S-XJJxJ7ocXudxswXDivgM6YT0WGkucpDXJV5EarPBbi62Fz_wIj1vHzDjYa6jhy15IyNgZqOu1UPyBGq1g3ru0NGAMQI4A1WkNjnEUHBBrsN1q51lSy5_stTQ-xV683flE-Yg:1oJdnZ:5ZriSWhcNm3jMoRFwZc96HW-YeD0nR1Ett67QfUdSEM", "expire_date": "2022-08-18T16:34:13.581Z"}}, {"model": "sessions.session", "pk": "a1mi5ophcrydj1hav21gqnkar7g69zoj", "fields": {"session_data": ".eJxVjDsOwjAQBe_iGln-5bOU9JzB2njXxIBsFCcSCHF3CEoB7Zt58xQel3n0S-XJJxJ7ocXudxswXDivgM6YT0WGkucpDXJV5EarPBbi62Fz_wIj1vHzDjYa6jhy15IyNgZqOu1UPyBGq1g3ru0NGAMQI4A1WkNjnEUHBBrsN1q51lSy5_stTQ-xV683flE-Yg:1o9ToW:HmsjGmD3UBnFB2sHbb-7Q281AP3hyhZcI7WI8SYQ5Pc", "expire_date": "2022-07-21T15:53:12.826Z"}}, {"model": "sessions.session", "pk": "effy5qa38b9zg0l31liog26zybplt26v", "fields": {"session_data": ".eJxVjDsOwjAQBe_iOrL8y2dT0nMGa2OviSGyUZwgEOLuEJQC2jfz5sksrsto10KzjZ71TLLqdxvQXShtwJ8xnTJ3OS1zHPim8J0WfsyepsPu_gVGLOPn7XRQvqVAbeOF0sH5upVGdANi0IJkbZpOgVIAIQBoJSXUymg04EGC_kYLlRJzsnS_xvnBelGxgjeyMYXM-oBTodcbGZ9E0Q:1oTPxt:3g3GL5VXZY1_DmQyvEkKb6FXZK3DxOHT7dPp50OJTao", "expire_date": "2022-09-14T15:49:17.430Z"}}, {"model": "sessions.session", "pk": "tec7z8y76tksgm0vewzl5njk0vi40ays", "fields": {"session_data": ".eJxVjDsOwjAQBe_iGln-5bOU9JzB2njXxIBsFCcSCHF3CEoB7Zt58xQel3n0S-XJJxJ7ocXudxswXDivgM6YT0WGkucpDXJV5EarPBbi62Fz_wIj1vHzDjYa6jhy15IyNgZqOu1UPyBGq1g3ru0NGAMQI4A1WkNjnEUHBBrsN1q51lSy5_stTQ-xV683flE-Yg:1oL0ob:6pCu_wZFcJ7VAFp57nucIuSmDaNNtmC8DZawTkoZDkw", "expire_date": "2022-08-22T11:20:57.965Z"}}, {"model": "sessions.session", "pk": "vgg77tq8ejwxznetkccbw6yrl137bvhj", "fields": {"session_data": ".eJxVjEEOwiAQRe_C2hAYoHRcuvcMZMqAVA0kpV0Z765NutDtf-_9lwi0rSVsPS1hZnEWWpx-t4niI9Ud8J3qrcnY6rrMk9wVedAur43T83K4fweFevnW0WRgn3LyAyswObLz2qpxIspGJe3sMAICIOaMaEBrdGANWWTUaFi8P-UXNyU:1oAsKn:5iAonIoEdahdYDTpUvmVVJZfgNPNlFxOodwxB8-CEiY", "expire_date": "2022-07-25T12:16:17.573Z"}}, {"model": "sessions.session", "pk": "yh4zvd95tcczhbzcf12co5qqkrcxvty2", "fields": {"session_data": ".eJxVjDsOwjAQBe_iGln-5bOU9JzB2njXxIBsFCcSCHF3CEoB7Zt58xQel3n0S-XJJxJ7ocXudxswXDivgM6YT0WGkucpDXJV5EarPBbi62Fz_wIj1vHzDjYa6jhy15IyNgZqOu1UPyBGq1g3ru0NGAMQI4A1WkNjnEUHBBrsN1q51lSy5_stTQ-xV683flE-Yg:1oO1Mw:zmDAuKgR3asKdxVxnyRk-O-aQJ2yyfWBF5Fnu6_Oikk", "expire_date": "2022-08-30T18:32:50.466Z"}}, {"model": "sites.site", "pk": 1, "fields": {"domain": "ScoreEmporium.com", "name": "Score Emporium"}}, {"model": "account.emailaddress", "pk": 1, "fields": {"user": 2, "email": "luketedwards96@hotmail.com", "verified": true, "primary": true}}, {"model": "account.emailaddress", "pk": 2, "fields": {"user": 1, "email": "luketedmusic@gmail.com", "verified": true, "primary": true}}, {"model": "account.emailaddress", "pk": 3, "fields": {"user": 3, "email": "test@gmail.com", "verified": true, "primary": true}}, {"model": "user_profile.userprofile", "pk": 1, "fields": {"user": 3, "sales_number": "0", "sales_income": "0.00", "money_due": "0.00", "vendor": true, "sort_code": "202020", "account_number": "12345678", "card_name": "L T EDWARDS"}}, {"model": "user_profile.userprofile", "pk": 2, "fields": {"user": 1, "sales_number": "91", "sales_income": "409.50", "money_due": "0.00", "vendor": true, "sort_code": "", "account_number": "", "card_name": ""}}, {"model": "user_profile.userprofile", "pk": 3, "fields": {"user": 2, "sales_number": "16", "sales_income": "51.50", "money_due": "0.00", "vendor": true, "sort_code": "", "account_number": "", "card_name": ""}}, {"model": "products.genre", "pk": 1, "fields": {"name": "blues", "friendly_name": "Blues"}}, {"model": "products.genre", "pk": 2, "fields": {"name": "rock", "friendly_name": "Rock"}}, {"model": "products.genre", "pk": 3, "fields": {"name": "celtic", "friendly_name": "Celtic"}}, {"model": "products.genre", "pk": 4, "fields": {"name": "jazz", "friendly_name": "Jazz"}}, {"model": "products.genre", "pk": 5, "fields": {"name": "classical", "friendly_name": "Classical"}}, {"model": "products.genre", "pk": 6, "fields": {"name": "film", "friendly_name": "Film"}}, {"model": "products.genre", "pk": 7, "fields": {"name": "country", "friendly_name": "Country"}}, {"model": "products.genre", "pk": 8, "fields": {"name": "metal", "friendly_name": "Metal"}}, {"model": "products.genre", "pk": 9, "fields": {"name": "bluegrass", "friendly_name": "Bluegrass"}}, {"model": "products.difficulty", "pk": 1, "fields": {"level": "Beginner"}}, {"model": "products.difficulty", "pk": 2, "fields": {"level": "Intermediate"}}, {"model": "products.difficulty", "pk": 3, "fields": {"level": "Advanced"}}, {"model": "products.difficulty", "pk": 4, "fields": {"level": "Expert"}}, {"model": "products.product", "pk": 4, "fields": {"genre": null, "difficulty": null, "sku": null, "name": "King of the Fairies", "description": "Traditional celtic tune, king of the fairies", "price": "3.50", "rating": "5.00", "image_url": null, "image": "King_of_the_fairies_tab_sample_.png", "vendor": "luketedwards", "PDF": "King_of_the_Fairies_2020.pdf", "Guitar_Pro_Unlocked": "", "Guitar_Pro_Locked": "King_of_the_Fairies_2020.gp", "video": "https://www.youtube.com/embed/cA3h0ysWM_o"}}, {"model": "products.product", "pk": 6, "fields": {"genre": null, "difficulty": null, "sku": null, "name": "Drowsy Maggie", "description": "Drowsy Maggie Tab", "price": "3.50", "rating": "2.50", "image_url": null, "image": "Morrisons_Jig_sample.png", "vendor": "luketedwards", "PDF": "Drowsy_Maggie_Morrisons_jig_2021.pdf", "Guitar_Pro_Unlocked": "", "Guitar_Pro_Locked": "Drowsy_Maggie_Morrisons_jig.gp", "video": "https://www.youtube.com/embed/lTzMzH4NXp8"}}, {"model": "products.product", "pk": 7, "fields": {"genre": 3, "difficulty": 3, "sku": null, "name": "Braveheart", "description": "Braveheart Tab", "price": "3.50", "rating": "5.00", "image_url": null, "image": "Braveheart_Tab_Sample_.png", "vendor": "luketedwards2", "PDF": "Theme_from_Braveheart_2021.pdf", "Guitar_Pro_Unlocked": "", "Guitar_Pro_Locked": "Theme_from_Braveheart_2021_website.gp", "video": "https://www.youtube.com/embed/jO54Kwq_inE"}}, {"model": "products.product", "pk": 8, "fields": {"genre": 5, "difficulty": 1, "sku": null, "name": "Hushabye Mountain", "description": "A test score to test the form", "price": "3.50", "rating": null, "image_url": null, "image": "Hushabye_Mountain_Tab_Sample.png", "vendor": "luketedwards", "PDF": "Hushabye_Mountain_2020.pdf", "Guitar_Pro_Unlocked": "", "Guitar_Pro_Locked": "Hushabye_Mountain_2020.gp", "video": "https://www.youtube.com/embed/ghbr0IYH0pc"}}, {"model": "products.product", "pk": 10, "fields": {"genre": 3, "difficulty": 1, "sku": null, "name": "Come all ye faithful", "description": "come all ye faithful", "price": "4.50", "rating": null, "image_url": null, "image": "O_Come_All_Ye_Faithful_Tab_Sample.png", "vendor": "luketedwards", "PDF": "O_Come_all_ye_faithful_Score_PDF.pdf", "Guitar_Pro_Unlocked": "", "Guitar_Pro_Locked": "O_Come_all_ye_faithful_Score_PDF_ZLcl6a1.pdf", "video": "https://www.youtube.com/embed/D9gWViiCkHI"}}, {"model": "products.product", "pk": 11, "fields": {"genre": 3, "difficulty": 3, "sku": null, "name": "FairyTale of New York", "description": "Fairytale of New York Tab", "price": "3.50", "rating": null, "image_url": null, "image": "FairyTale_of_New_York_Tab_Sample_xMEBmn7.png", "vendor": "luketedwards2", "PDF": "Fairytale_of_New_York_2020_VGdlUdx.pdf", "Guitar_Pro_Unlocked": "", "Guitar_Pro_Locked": "Fairytale_of_New_York_2020_DBpamUr.gp", "video": "https://www.youtube.com/embed/55hnhaAipIs"}}, {"model": "products.product", "pk": 14, "fields": {"genre": 4, "difficulty": 2, "sku": null, "name": "How Deep Is Your Love", "description": "How deep is your love.", "price": "3.50", "rating": null, "image_url": null, "image": "How_Deep_is_Your_Love_Tab_Sample_JRfQuX4.png", "vendor": "luketedwards2", "PDF": "How_Deep_Is_Your_Love_fingerstyle.pdf", "Guitar_Pro_Unlocked": "", "Guitar_Pro_Locked": "How_Deep_Is_Your_Love_tab.gp", "video": "https://www.youtube.com/embed/pzewDNJtkrs"}}, {"model": "products.product", "pk": 15, "fields": {"genre": 3, "difficulty": null, "sku": null, "name": "I Vow To Thee My Country", "description": "I vow", "price": "3.50", "rating": null, "image_url": null, "image": "I_Vow_To_Thee_My_Country_Tab_Sample_HQIwktQ.png", "vendor": "luketedwards", "PDF": "I_Vow_to_thee_my_country_2020_8VHwONt.pdf", "Guitar_Pro_Unlocked": "I_Vow_to_thee_my_country_no_vibrato_YuAXD8H.gp", "Guitar_Pro_Locked": "I_Vow_to_thee_my_country_.gp", "video": "https://www.youtube.com/embed/FQaTlXKPU84"}}, {"model": "products.product", "pk": 16, "fields": {"genre": 5, "difficulty": 1, "sku": null, "name": "study no1 in c", "description": "Study no 1 in C", "price": "2.00", "rating": null, "image_url": null, "image": "", "vendor": "luketedwards", "PDF": "Grade_7_Technical_Exercises.pdf", "Guitar_Pro_Unlocked": "", "Guitar_Pro_Locked": "Study_No.1_in_C__Opus_31.gp", "video": null}}, {"model": "products.product", "pk": 66, "fields": {"genre": 1, "difficulty": 4, "sku": null, "name": "test 1", "description": "test with picture", "price": "4.00", "rating": "5.00", "image_url": null, "image": "Annies_Song_Tab_Sample_35ENm4m.png", "vendor": "luketedwards", "PDF": "Alternating_Bass_Folk0AFingerpicking_Exercise_2.pdf", "Guitar_Pro_Unlocked": "Alternating_Bass_Folk_Fingerpicking_Exercise_2.gp", "Guitar_Pro_Locked": "Alternating_Bass_Folk_Fingerpicking_Exercise_2_SwOCHuH.gp", "video": null}}, {"model": "products.product", "pk": 67, "fields": {"genre": 1, "difficulty": 4, "sku": null, "name": "test 2", "description": "test without picture", "price": "4.50", "rating": null, "image_url": null, "image": "test-2-luketedwards-image.jpg", "vendor": "luketedwards", "PDF": "Alternating_Bass_Folk0AFingerpicking_Exercise_2_xisKjGQ.pdf", "Guitar_Pro_Unlocked": "Alternating_Bass_Folk_Fingerpicking_Exercise_2_nkK5r7g.gp", "Guitar_Pro_Locked": "Alternating_Bass_Folk_Fingerpicking_Exercise_2_91Eeh4c.gp", "video": null}}, {"model": "products.product", "pk": 68, "fields": {"genre": 1, "difficulty": null, "sku": null, "name": "gp test", "description": "test", "price": "6.00", "rating": null, "image_url": null, "image": "gp-test-luketedwards-image.jpg", "vendor": "luketedwards", "PDF": "Air_on_a_G_string.pdf", "Guitar_Pro_Unlocked": "Belter_Intro.gp", "Guitar_Pro_Locked": "", "video": null}}, {"model": "products.product", "pk": 69, "fields": {"genre": 1, "difficulty": 2, "sku": null, "name": "technical exercises", "description": "grade 7 technical exercises", "price": "2.00", "rating": null, "image_url": null, "image": "technical-exercises-luketedwards-image.jpg", "vendor": "luketedwards", "PDF": "Grade_7_Technical_Exercises.pdf", "Guitar_Pro_Unlocked": "Grade_7_Technical_Exercises.gp", "Guitar_Pro_Locked": "", "video": null}}, {"model": "products.product", "pk": 70, "fields": {"genre": 1, "difficulty": null, "sku": null, "name": "remove test", "description": "test", "price": "5.00", "rating": null, "image_url": null, "image": "remove-test-luketedwards-image.jpg", "vendor": "luketedwards", "PDF": "Air_on_a_G_string_aFjy5XC.pdf", "Guitar_Pro_Unlocked": "Alternating_Bass_Folk_Fingerpicking_Exercise_2_6Xx5V0Q.gp", "Guitar_Pro_Locked": "", "video": null}}, {"model": "products.product", "pk": 71, "fields": {"genre": 1, "difficulty": null, "sku": null, "name": "remove test", "description": "test", "price": "5.00", "rating": "4.00", "image_url": null, "image": "remove-test-luketedwards-image.jpg", "vendor": "luketedwards", "PDF": "Air_on_a_G_string_yhAOsC1.pdf", "Guitar_Pro_Unlocked": "Alternating_Bass_Folk_Fingerpicking_Exercise_2_LqZxEOL.gp", "Guitar_Pro_Locked": "", "video": null}}, {"model": "products.product", "pk": 72, "fields": {"genre": 1, "difficulty": null, "sku": null, "name": "remove test", "description": "test", "price": "5.00", "rating": null, "image_url": null, "image": "remove-test-luketedwards-image.jpg", "vendor": "luketedwards", "PDF": "Air_on_a_G_string_zORXIWP.pdf", "Guitar_Pro_Unlocked": "Alternating_Bass_Folk_Fingerpicking_Exercise_2_g3FAlgl.gp", "Guitar_Pro_Locked": "", "video": null}}, {"model": "products.product", "pk": 73, "fields": {"genre": 1, "difficulty": null, "sku": null, "name": "remove test", "description": "test", "price": "5.00", "rating": null, "image_url": null, "image": "remove-test-luketedwards-image.jpg", "vendor": "luketedwards", "PDF": "Air_on_a_G_string_xxKUoWz.pdf", "Guitar_Pro_Unlocked": "Alternating_Bass_Folk_Fingerpicking_Exercise_2_Cv7INlU.gp", "Guitar_Pro_Locked": "", "video": null}}, {"model": "products.product", "pk": 74, "fields": {"genre": 1, "difficulty": null, "sku": null, "name": "remove test", "description": "test", "price": "5.00", "rating": null, "image_url": null, "image": "remove-test-luketedwards-image.jpg", "vendor": "luketedwards", "PDF": "Air_on_a_G_string_O1S8FXu.pdf", "Guitar_Pro_Unlocked": "Alternating_Bass_Folk_Fingerpicking_Exercise_2_6UGk2dd.gp", "Guitar_Pro_Locked": "", "video": null}}, {"model": "products.product", "pk": 75, "fields": {"genre": 1, "difficulty": 3, "sku": null, "name": "Guitar Song", "description": "A guitar Song.", "price": "3.50", "rating": null, "image_url": null, "image": "Guitar-Song-luketedwards-image.jpg", "vendor": "luketedwards", "PDF": "Duelling_Banjos_newer_NulYpA3.pdf", "Guitar_Pro_Unlocked": "Duelling_Banjos.gp", "Guitar_Pro_Locked": "", "video": "https://www.youtube.com/embed/FQaTlXKPU84"}}, {"model": "products.product", "pk": 76, "fields": {"genre": 1, "difficulty": 4, "sku": null, "name": "angie", "description": "angie by bert jansch", "price": "8.00", "rating": null, "image_url": null, "image": "angie-luketedwards-image.jpg", "vendor": "luketedwards", "PDF": "Anji.pdf", "Guitar_Pro_Unlocked": "Anji_Corrected.gp", "Guitar_Pro_Locked": "", "video": "https://www.youtube.com/embed/FQaTlXKPU84"}}, {"model": "products.product", "pk": 77, "fields": {"genre": 1, "difficulty": 4, "sku": null, "name": "dreamy song", "description": "test", "price": "3.00", "rating": null, "image_url": null, "image": "dreamy-song-luketedwards-image.jpg", "vendor": "luketedwards", "PDF": "Harry_potter_theme_fingerstyle_easier.pdf", "Guitar_Pro_Unlocked": "Harry_Potter_-_Hedwigs_Theme_Duet.gp", "Guitar_Pro_Locked": "", "video": "https://www.youtube.com/embed/FQaTlXKPU84"}}, {"model": "products.product", "pk": 78, "fields": {"genre": 1, "difficulty": 4, "sku": null, "name": "api test", "description": "test api", "price": "6.00", "rating": null, "image_url": null, "image": "api-test-luketedwards-image.jpg", "vendor": "luketedwards", "PDF": "Fury_Riff_CYt79LZ.pdf", "Guitar_Pro_Unlocked": "Fury_Riff.gp", "Guitar_Pro_Locked": "", "video": null}}, {"model": "products.product", "pk": 79, "fields": {"genre": 1, "difficulty": null, "sku": null, "name": "api test 2", "description": "test", "price": "7.00", "rating": null, "image_url": null, "image": "api-test-2-luketedwards-image.jpg", "vendor": "luketedwards", "PDF": "The_Connaughtmans_Rambles_fingerstyle_corrected.pdf", "Guitar_Pro_Unlocked": "Hot_Wheels_Theme.gp", "Guitar_Pro_Locked": "", "video": null}}, {"model": "products.product", "pk": 80, "fields": {"genre": 1, "difficulty": null, "sku": null, "name": "api test 3", "description": "3", "price": "2.00", "rating": null, "image_url": null, "image": "api-test-3-luketedwards-image.jpg", "vendor": "luketedwards", "PDF": "Fury_Riff_txHQFKW.pdf", "Guitar_Pro_Unlocked": "Hot_Wheels_Theme_w97Asgc.gp", "Guitar_Pro_Locked": "", "video": null}}, {"model": "products.product", "pk": 81, "fields": {"genre": 1, "difficulty": null, "sku": null, "name": "api test 4", "description": "test", "price": "2.00", "rating": null, "image_url": null, "image": "api-test-4-luketedwards-image.jpg", "vendor": "luketedwards", "PDF": "tripping_up_the_stairs_ornaments_qbctIjR.pdf", "Guitar_Pro_Unlocked": "The_Void.gp", "Guitar_Pro_Locked": "", "video": null}}, {"model": "products.product", "pk": 82, "fields": {"genre": 1, "difficulty": null, "sku": null, "name": "api test 5", "description": "test", "price": "3.00", "rating": null, "image_url": null, "image": "api-test-5-luketedwards-image.jpg", "vendor": "luketedwards", "PDF": "Fury_Riff_NBWlgs9.pdf", "Guitar_Pro_Unlocked": "The_Connaughtmans_Rambles_Fingerstyle.gp", "Guitar_Pro_Locked": "", "video": null}}, {"model": "products.product", "pk": 83, "fields": {"genre": 1, "difficulty": null, "sku": null, "name": "api test 7", "description": "test", "price": "2.00", "rating": null, "image_url": null, "image": "api-test-7-luketedwards-image.jpg", "vendor": "luketedwards", "PDF": "Fury_Riff_m0LjiC3.pdf", "Guitar_Pro_Unlocked": "Fury_Riff_NPL7rCg.gp", "Guitar_Pro_Locked": "", "video": null}}, {"model": "products.product", "pk": 84, "fields": {"genre": 1, "difficulty": null, "sku": null, "name": "api test 8", "description": "test", "price": "2.00", "rating": null, "image_url": null, "image": "api-test-8-luketedwards-image.jpg", "vendor": "luketedwards", "PDF": "The_Connaughtmans_Rambles_fingerstyle_corrected_mtEdzmr.pdf", "Guitar_Pro_Unlocked": "The_Connaughtmans_Rambles_Fingerstyle_LVHaw1v.gp", "Guitar_Pro_Locked": "", "video": null}}, {"model": "products.product", "pk": 85, "fields": {"genre": 1, "difficulty": null, "sku": null, "name": "api test 10", "description": "test", "price": "9.00", "rating": null, "image_url": null, "image": "api-test-10-luketedwards-image.jpg", "vendor": "luketedwards", "PDF": "Fury_Riff_ggwYMLW.pdf", "Guitar_Pro_Unlocked": "Hot_Wheels_Theme_HkVH08g.gp", "Guitar_Pro_Locked": "", "video": null}}, {"model": "products.product", "pk": 86, "fields": {"genre": 1, "difficulty": null, "sku": null, "name": "test 10", "description": "test", "price": "3.00", "rating": null, "image_url": null, "image": "test-10-luketedwards-image.jpg", "vendor": "luketedwards", "PDF": "Fury_Riff_JYCFI7S.pdf", "Guitar_Pro_Unlocked": "Fury_Riff_L9Omn0s.gp", "Guitar_Pro_Locked": "", "video": null}}, {"model": "products.product", "pk": 87, "fields": {"genre": 1, "difficulty": null, "sku": null, "name": "test 101", "description": "tset", "price": "3.00", "rating": null, "image_url": null, "image": "test-101-luketedwards-image.jpg", "vendor": "luketedwards", "PDF": "Fury_Riff_si038u5.pdf", "Guitar_Pro_Unlocked": "Fury_Riff_X0jxnwm.gp", "Guitar_Pro_Locked": "", "video": null}}, {"model": "products.product", "pk": 88, "fields": {"genre": 1, "difficulty": null, "sku": null, "name": "final test", "description": "test", "price": "3.00", "rating": null, "image_url": null, "image": "final-test-luketedwards-image.jpg", "vendor": "luketedwards", "PDF": "Fury_Riff_PCX8Vb8.pdf", "Guitar_Pro_Unlocked": "Fury_Riff_f70RPEP.gp", "Guitar_Pro_Locked": "", "video": null}}, {"model": "products.product", "pk": 89, "fields": {"genre": 1, "difficulty": null, "sku": null, "name": "new test", "description": "test", "price": "10.00", "rating": null, "image_url": null, "image": "new-test-luketedwards-image.jpg", "vendor": "luketedwards", "PDF": "Fury_Riff_E30KXSn.pdf", "Guitar_Pro_Unlocked": "The_Void_correct.gp", "Guitar_Pro_Locked": "", "video": null}}, {"model": "products.product", "pk": 90, "fields": {"genre": 1, "difficulty": null, "sku": null, "name": "multi test 1", "description": "test", "price": "3.00", "rating": null, "image_url": null, "image": "multi-test-1-luketedwards-image.jpg", "vendor": "luketedwards", "PDF": "Fury_Riff_Drml8xz.pdf", "Guitar_Pro_Unlocked": "Fury_Riff_yPu0t1m.gp", "Guitar_Pro_Locked": "", "video": null}}, {"model": "products.product", "pk": 91, "fields": {"genre": 1, "difficulty": null, "sku": null, "name": "multi test 2", "description": "test", "price": "4.00", "rating": null, "image_url": null, "image": "multi-test-2-luketedwards-image.jpg", "vendor": "luketedwards", "PDF": "Fury_Riff_JpUlYuR.pdf", "Guitar_Pro_Unlocked": "Fury_Riff_13yKuRO.gp", "Guitar_Pro_Locked": "", "video": null}}, {"model": "products.product", "pk": 92, "fields": {"genre": 1, "difficulty": null, "sku": null, "name": "multi test 3", "description": "test", "price": "5.00", "rating": null, "image_url": null, "image": "multi-test-3-luketedwards2-image.jpg", "vendor": "luketedwards2", "PDF": "Fury_Riff_ZYSMHN4.pdf", "Guitar_Pro_Unlocked": "Fury_Riff_Z7zJTLf.gp", "Guitar_Pro_Locked": "", "video": null}}, {"model": "products.product", "pk": 93, "fields": {"genre": 1, "difficulty": null, "sku": null, "name": "test 100", "description": "test", "price": "90.00", "rating": null, "image_url": null, "image": "test-100-luketedwards-image.jpg", "vendor": "luketedwards", "PDF": "Creel_of_Turf_fingerstyle.pdf", "Guitar_Pro_Unlocked": "Creel_of_Turf_fingerstyle.gp", "Guitar_Pro_Locked": "", "video": null}}, {"model": "products.review", "pk": 129, "fields": {"product": 6, "ratings": 4, "subject": "great", "content": "great", "created_by": 1, "date": "2022-08-04T13:50:44.376Z"}}, {"model": "products.review", "pk": 189, "fields": {"product": 6, "ratings": 1, "subject": "bad", "content": "bad", "created_by": 2, "date": "2022-08-04T15:37:05.385Z"}}, {"model": "products.review", "pk": 197, "fields": {"product": 71, "ratings": 4, "subject": "Its great", "content": "great song", "created_by": 2, "date": "2022-08-04T16:33:48.569Z"}}, {"model": "products.review", "pk": 202, "fields": {"product": 66, "ratings": 5, "subject": "5 stars", "content": "its great", "created_by": 1, "date": "2022-08-08T13:07:10.776Z"}}, {"model": "products.review", "pk": 204, "fields": {"product": 4, "ratings": 5, "subject": "this was really good ", "content": "great", "created_by": 2, "date": "2022-08-26T21:52:04.546Z"}}, {"model": "checkout.order", "pk": 1, "fields": {"order_number": "A09F8E9E3F8342C49D8C2EA7CBBE3255", "user_profile": null, "username": "", "full_name": "Luke Edwards", "email": "Luketedmusic@gmail.com", "phone_number": "07581238286", "date": "2022-07-19T21:29:01.330Z", "order_total": "0.00"}}, {"model": "checkout.order", "pk": 2, "fields": {"order_number": "28F7717710BD4A2C828E03870E7310EC", "user_profile": null, "username": "", "full_name": "Luke Edwards", "email": "Luketedmusic@gmail.com", "phone_number": "07581238286", "date": "2022-07-19T21:30:06.457Z", "order_total": "0.00"}}, {"model": "checkout.order", "pk": 3, "fields": {"order_number": "1B29456F85494C1283E7845AD94285EC", "user_profile": null, "username": "", "full_name": "Luke Edwards", "email": "Luketedmusic@gmail.com", "phone_number": "07581238286", "date": "2022-07-19T21:34:45.154Z", "order_total": "0.00"}}, {"model": "checkout.order", "pk": 4, "fields": {"order_number": "F890F2FFFB074A8E89A091D7E7F28D6E", "user_profile": null, "username": "", "full_name": "Luke Edwards", "email": "Luketedmusic@gmail.com", "phone_number": "07581238286", "date": "2022-07-19T21:36:17.003Z", "order_total": "0.00"}}, {"model": "checkout.order", "pk": 5, "fields": {"order_number": "6732C968A4134397A7E53531BD6B2A43", "user_profile": null, "username": "", "full_name": "Luke Edwards", "email": "Luketedmusic@gmail.com", "phone_number": "07581238286", "date": "2022-07-19T21:37:24.670Z", "order_total": "0.00"}}, {"model": "checkout.order", "pk": 6, "fields": {"order_number": "422E23272AE54349B8FE2839D63D53FF", "user_profile": null, "username": "", "full_name": "Luke Edwards", "email": "Luketedmusic@gmail.com", "phone_number": "07581238286", "date": "2022-07-19T21:38:14.758Z", "order_total": "0.00"}}, {"model": "checkout.order", "pk": 7, "fields": {"order_number": "BCB1D2FAA193431EAD9E0000D8A714EC", "user_profile": null, "username": "", "full_name": "Luke Edwards", "email": "Luketedmusic@gmail.com", "phone_number": "07581238286", "date": "2022-07-19T21:39:36.897Z", "order_total": "0.00"}}, {"model": "checkout.order", "pk": 8, "fields": {"order_number": "EECDCBBF2369497B8079FEA56E2B4751", "user_profile": null, "username": "", "full_name": "Luke Edwards", "email": "Luketedmusic@gmail.com", "phone_number": "07581238286", "date": "2022-07-19T21:43:00.347Z", "order_total": "0.00"}}, {"model": "checkout.order", "pk": 9, "fields": {"order_number": "581705A714FC4691842BA5D34B36B5B9", "user_profile": null, "username": "", "full_name": "Luke Edwards", "email": "Luketedmusic@gmail.com", "phone_number": "07581238286", "date": "2022-07-19T21:43:53.555Z", "order_total": "0.00"}}, {"model": "checkout.order", "pk": 10, "fields": {"order_number": "AECA0EF7AF484E7BBC597E9828A30A4C", "user_profile": null, "username": "", "full_name": "Luke Edwards", "email": "Luketedmusic@gmail.com", "phone_number": "07581238286", "date": "2022-07-19T21:45:42.276Z", "order_total": "0.00"}}, {"model": "checkout.order", "pk": 11, "fields": {"order_number": "2FAF76CA736245408ABC36A570AD2535", "user_profile": null, "username": "", "full_name": "Luke Edwards", "email": "Luketedmusic@gmail.com", "phone_number": "07581238286", "date": "2022-07-19T21:45:45.880Z", "order_total": "0.00"}}, {"model": "checkout.order", "pk": 12, "fields": {"order_number": "4CE3D1AD05F54159B514E7A4209EB162", "user_profile": null, "username": "", "full_name": "Luke Edwards", "email": "Luketedmusic@gmail.com", "phone_number": "07581238286", "date": "2022-07-19T21:47:47.640Z", "order_total": "7.00"}}, {"model": "checkout.order", "pk": 13, "fields": {"order_number": "2F3C9D66AC89438580A1FD3E6615783C", "user_profile": null, "username": "", "full_name": "Luke Test", "email": "Luketedmusic@gmail.com", "phone_number": "07581238286", "date": "2022-07-19T22:55:17.873Z", "order_total": "2.00"}}, {"model": "checkout.order", "pk": 14, "fields": {"order_number": "CBF6A3FE166942A3890951005EE6397F", "user_profile": null, "username": "", "full_name": "Luke Edwards", "email": "luketedwards96@hotmail.com", "phone_number": "07581238286", "date": "2022-07-19T23:01:37.661Z", "order_total": "3.50"}}, {"model": "checkout.order", "pk": 15, "fields": {"order_number": "826604F434054ECD9D31816332B49288", "user_profile": null, "username": "", "full_name": "Luke Edwards", "email": "luketedwards96@hotmail.com", "phone_number": "07581238286", "date": "2022-07-21T16:53:07.690Z", "order_total": "3.50"}}, {"model": "checkout.order", "pk": 16, "fields": {"order_number": "C0D92A412ADE48B29D4E6FC2D9501C99", "user_profile": null, "username": "", "full_name": "Luke Edwards", "email": "luketedwards96@hotmail.com", "phone_number": "07581238286", "date": "2022-07-21T17:11:50.957Z", "order_total": "3.50"}}, {"model": "checkout.order", "pk": 17, "fields": {"order_number": "14F45EB1AE0E41B99FC151A0F91C8D7B", "user_profile": null, "username": "", "full_name": "Luke Edwards", "email": "luketedwards96@hotmail.com", "phone_number": "07581238286", "date": "2022-07-21T17:14:31.997Z", "order_total": "3.50"}}, {"model": "checkout.order", "pk": 18, "fields": {"order_number": "0BBE12D94E5C4F2980C37F12F999B0E5", "user_profile": null, "username": "", "full_name": "Luke Edwards", "email": "luketedwards96@hotmail.com", "phone_number": "07581238286", "date": "2022-07-21T17:15:44.177Z", "order_total": "3.50"}}, {"model": "checkout.order", "pk": 19, "fields": {"order_number": "49D07EB96BA04BA9A2E01C5A39E1E203", "user_profile": null, "username": "", "full_name": "Luke Edwards", "email": "luketedwards96@hotmail.com", "phone_number": "07581238286", "date": "2022-07-21T17:16:47.382Z", "order_total": "3.50"}}, {"model": "checkout.order", "pk": 20, "fields": {"order_number": "F102AD18814F4813B9FACA6D9A7390D6", "user_profile": null, "username": "", "full_name": "Luke Edwards", "email": "luketedwards96@hotmail.com", "phone_number": "07581238286", "date": "2022-07-21T17:18:29.042Z", "order_total": "3.50"}}, {"model": "checkout.order", "pk": 21, "fields": {"order_number": "8FBD467ADFE849CFA7236F3D66FEA19C", "user_profile": null, "username": "", "full_name": "Luke Edwards", "email": "luketedwards96@hotmail.com", "phone_number": "07581238286", "date": "2022-07-21T17:19:42.506Z", "order_total": "3.50"}}, {"model": "checkout.order", "pk": 22, "fields": {"order_number": "E202ED3494E345ECBF7C3CB92D224B8D", "user_profile": null, "username": "", "full_name": "Luke Edwards", "email": "luketedwards96@hotmail.com", "phone_number": "07581238286", "date": "2022-07-21T17:24:39.840Z", "order_total": "3.50"}}, {"model": "checkout.order", "pk": 23, "fields": {"order_number": "BEAA7AFD72224DFC9F60E4DBF4A054DF", "user_profile": null, "username": "", "full_name": "Luke Edwards", "email": "luketedwards96@hotmail.com", "phone_number": "07581238286", "date": "2022-07-21T17:29:08.018Z", "order_total": "3.50"}}, {"model": "checkout.order", "pk": 24, "fields": {"order_number": "E12E491F00294BA5B227367356D85A4A", "user_profile": null, "username": "", "full_name": "Luke Edwards", "email": "luketedwards96@hotmail.com", "phone_number": "07581238286", "date": "2022-07-21T17:30:00.361Z", "order_total": "3.50"}}, {"model": "checkout.order", "pk": 25, "fields": {"order_number": "161DF0CB30D14142968DA674CE82F2DF", "user_profile": null, "username": "", "full_name": "Luke Edwards", "email": "luketedwards96@hotmail.com", "phone_number": "07581238286", "date": "2022-07-21T17:32:55.142Z", "order_total": "3.50"}}, {"model": "checkout.order", "pk": 26, "fields": {"order_number": "B439546A910F4297A37F681A34E1A407", "user_profile": null, "username": "", "full_name": "Luke Edwards", "email": "luketedwards96@hotmail.com", "phone_number": "07581238286", "date": "2022-07-21T17:34:49.108Z", "order_total": "3.50"}}, {"model": "checkout.order", "pk": 27, "fields": {"order_number": "C9E95CE77EB54775928426B53C3593CD", "user_profile": null, "username": "", "full_name": "Luke Edwards", "email": "luketedwards96@hotmail.com", "phone_number": "07581238286", "date": "2022-07-21T17:43:02.119Z", "order_total": "3.50"}}, {"model": "checkout.order", "pk": 28, "fields": {"order_number": "C1AE9B1522CF4A17A13A3423F3BBE092", "user_profile": null, "username": "", "full_name": "Luke Edwards", "email": "luketedwards96@hotmail.com", "phone_number": "07581238286", "date": "2022-07-21T17:49:17.082Z", "order_total": "3.50"}}, {"model": "checkout.order", "pk": 29, "fields": {"order_number": "58BB657F83FC4568B749B36107A6446A", "user_profile": null, "username": "", "full_name": "Luke Edwards", "email": "luketedwards96@hotmail.com", "phone_number": "07581238286", "date": "2022-07-25T14:01:39.145Z", "order_total": "3.50"}}, {"model": "checkout.order", "pk": 30, "fields": {"order_number": "3F96148984274F96B47B82A4A7D12325", "user_profile": null, "username": "", "full_name": "Luke Edwards", "email": "luketedwards96@hotmail.com", "phone_number": "07581238286", "date": "2022-07-25T14:05:09.782Z", "order_total": "3.50"}}, {"model": "checkout.order", "pk": 31, "fields": {"order_number": "120DC27D709F4A7B913797028B1E3E7E", "user_profile": null, "username": "", "full_name": "Luke Edwards", "email": "luketedwards96@hotmail.com", "phone_number": "07581238286", "date": "2022-07-27T12:47:11.329Z", "order_total": "3.50"}}, {"model": "checkout.order", "pk": 32, "fields": {"order_number": "E27F2AD75EDE4527B351DDFE8C7DE281", "user_profile": 2, "username": "", "full_name": "Luke Edwards", "email": "luketedwards96@hotmail.com", "phone_number": "07581238286", "date": "2022-07-27T12:55:50.780Z", "order_total": "3.50"}}, {"model": "checkout.order", "pk": 33, "fields": {"order_number": "C684465F51634876A1860C760397BE10", "user_profile": 2, "username": "", "full_name": "Luke Edwards", "email": "luketedwards96@hotmail.com", "phone_number": "07581238286", "date": "2022-07-27T13:09:01.823Z", "order_total": "3.50"}}, {"model": "checkout.order", "pk": 34, "fields": {"order_number": "D222ED88F8CA4E86B0AF94E6FF746C9E", "user_profile": 2, "username": "", "full_name": "Luke Edwards", "email": "luketedwards96@hotmail.com", "phone_number": "07581238286", "date": "2022-07-27T13:30:12.336Z", "order_total": "3.50"}}, {"model": "checkout.order", "pk": 35, "fields": {"order_number": "AF97C0A4C5C44EEB8056449C437F8469", "user_profile": 2, "username": "", "full_name": "Luke Edwards", "email": "luketedwards96@hotmail.com", "phone_number": "07581238286", "date": "2022-07-27T13:30:52.141Z", "order_total": "7.00"}}, {"model": "checkout.order", "pk": 36, "fields": {"order_number": "03E00F4DAFD24F9D8C77DBC8BE857D4B", "user_profile": 2, "username": "", "full_name": "Luke Edwards", "email": "luketedwards96@hotmail.com", "phone_number": "07581238286", "date": "2022-08-01T18:03:42.609Z", "order_total": "6.00"}}, {"model": "checkout.order", "pk": 37, "fields": {"order_number": "8655BAF3482E4C6DB607DCC0915FCAF2", "user_profile": 2, "username": "", "full_name": "Luke Edwards", "email": "luketedwards96@hotmail.com", "phone_number": "07581238286", "date": "2022-08-01T21:44:34.886Z", "order_total": "2.00"}}, {"model": "checkout.order", "pk": 38, "fields": {"order_number": "88259F6E90E0433B97D7100A06A39EFD", "user_profile": 2, "username": "", "full_name": "Luke Edwards", "email": "luketedwards96@hotmail.com", "phone_number": "07581238286", "date": "2022-08-01T21:55:34.857Z", "order_total": "3.00"}}, {"model": "checkout.order", "pk": 39, "fields": {"order_number": "804E54753A7140759F7C8215360ADCE3", "user_profile": 2, "username": "", "full_name": "Luke Edwards", "email": "luketedwards96@hotmail.com", "phone_number": "07581238286", "date": "2022-08-08T13:00:43.913Z", "order_total": "4.00"}}, {"model": "checkout.order", "pk": 40, "fields": {"order_number": "714F9D9376C04A0EB60CC1646FBCF14E", "user_profile": null, "username": "", "full_name": "Luke Edwards", "email": "luketedwards96@hotmail.com", "phone_number": "07581238286", "date": "2022-08-09T11:56:51.099Z", "order_total": "3.50"}}, {"model": "checkout.order", "pk": 41, "fields": {"order_number": "A71F6E64714D4BAEA7293F631FAC74C4", "user_profile": null, "username": "", "full_name": "Luke Edwards", "email": "luketedwards96@hotmail.com", "phone_number": "07581238286", "date": "2022-08-09T12:24:42.938Z", "order_total": "3.50"}}, {"model": "checkout.order", "pk": 42, "fields": {"order_number": "2B73DECECBAA412E89781ADE8C79CFD5", "user_profile": null, "username": "", "full_name": "Luke Edwards", "email": "luketedwards96@hotmail.com", "phone_number": "07581238286", "date": "2022-08-09T12:25:48.543Z", "order_total": "3.50"}}, {"model": "checkout.order", "pk": 43, "fields": {"order_number": "D771292FBA0E40F4B819883D3A14C525", "user_profile": null, "username": "", "full_name": "Luke Edwards", "email": "luketedwards96@hotmail.com", "phone_number": "07581238286", "date": "2022-08-09T12:26:40.149Z", "order_total": "3.50"}}, {"model": "checkout.order", "pk": 44, "fields": {"order_number": "DD788FC76443412790AC569214788B22", "user_profile": null, "username": "", "full_name": "Luke Edwards", "email": "luketedwards96@hotmail.com", "phone_number": "07581238286", "date": "2022-08-09T12:27:13.613Z", "order_total": "3.50"}}, {"model": "checkout.order", "pk": 45, "fields": {"order_number": "DA6117F437544C9C9CCD235472F5742B", "user_profile": null, "username": "", "full_name": "Luke Edwards", "email": "luketedwards96@hotmail.com", "phone_number": "07581238286", "date": "2022-08-09T12:27:24.407Z", "order_total": "3.50"}}, {"model": "checkout.order", "pk": 46, "fields": {"order_number": "0274DFAEF3534DED85A21262B8EA1773", "user_profile": null, "username": "", "full_name": "Luke Edwards", "email": "luketedwards96@hotmail.com", "phone_number": "07581238286", "date": "2022-08-09T12:28:38.143Z", "order_total": "0.00"}}, {"model": "checkout.order", "pk": 47, "fields": {"order_number": "B42CB8080CBC4BFEB4DDBE7AC2BB8772", "user_profile": null, "username": "", "full_name": "Luke Edwards", "email": "luketedwards96@hotmail.com", "phone_number": "07581238286", "date": "2022-08-09T12:29:26.087Z", "order_total": "0.00"}}, {"model": "checkout.order", "pk": 48, "fields": {"order_number": "27005F46F62E45ADB5B02078D1FF63F9", "user_profile": null, "username": "", "full_name": "Luke Edwards", "email": "luketedwards96@hotmail.com", "phone_number": "07581238286", "date": "2022-08-09T12:31:07.010Z", "order_total": "3.50"}}, {"model": "checkout.order", "pk": 49, "fields": {"order_number": "A5495B5390AF4DA396A91EAEC1CB413A", "user_profile": null, "username": "", "full_name": "Luke Edwards", "email": "luketedwards96@hotmail.com", "phone_number": "07581238286", "date": "2022-08-09T12:33:49.919Z", "order_total": "3.50"}}, {"model": "checkout.order", "pk": 50, "fields": {"order_number": "F5C0D78EF8E546589AEFA014DCFB71AA", "user_profile": null, "username": "", "full_name": "Luke Edwards", "email": "luketedwards96@hotmail.com", "phone_number": "07581238286", "date": "2022-08-09T12:35:02.445Z", "order_total": "3.50"}}, {"model": "checkout.order", "pk": 51, "fields": {"order_number": "3C93F4EE86E241EC828EE259E73289FA", "user_profile": null, "username": "", "full_name": "Luke Edwards", "email": "luketedwards96@hotmail.com", "phone_number": "07581238286", "date": "2022-08-09T12:35:12.201Z", "order_total": "3.50"}}, {"model": "checkout.order", "pk": 52, "fields": {"order_number": "694D0BFD49A843579059A1CFBE8080D2", "user_profile": null, "username": "", "full_name": "Luke Edwards", "email": "luketedwards96@hotmail.com", "phone_number": "07581238286", "date": "2022-08-09T12:37:03.530Z", "order_total": "3.50"}}, {"model": "checkout.order", "pk": 53, "fields": {"order_number": "792541AB6E074A198261B41E4DA8DB27", "user_profile": null, "username": "", "full_name": "Luke Edwards", "email": "luketedwards96@hotmail.com", "phone_number": "07581238286", "date": "2022-08-09T12:38:37.384Z", "order_total": "3.50"}}, {"model": "checkout.order", "pk": 54, "fields": {"order_number": "5277DE9814B247C1A74909CCB80AE468", "user_profile": null, "username": "", "full_name": "Luke Edwards", "email": "luketedwards96@hotmail.com", "phone_number": "07581238286", "date": "2022-08-09T12:39:31.931Z", "order_total": "3.50"}}, {"model": "checkout.order", "pk": 55, "fields": {"order_number": "A86C0817D18F43D183D8215103450FE3", "user_profile": null, "username": "", "full_name": "Luke Edwards", "email": "luketedwards96@hotmail.com", "phone_number": "07581238286", "date": "2022-08-09T12:39:52.215Z", "order_total": "3.50"}}, {"model": "checkout.order", "pk": 56, "fields": {"order_number": "139F3DFC04414572A88B92B410023027", "user_profile": 2, "username": "", "full_name": "Luke Edwards", "email": "luketedwards96@hotmail.com", "phone_number": "07581238286", "date": "2022-08-09T12:40:13.942Z", "order_total": "3.50"}}, {"model": "checkout.order", "pk": 57, "fields": {"order_number": "1D6664CBF2E74268B173ECD4E4AC648A", "user_profile": null, "username": "", "full_name": "Luke Edwards", "email": "luketedwards96@hotmail.com", "phone_number": "07581238286", "date": "2022-08-09T12:43:46.750Z", "order_total": "5.00"}}, {"model": "checkout.order", "pk": 58, "fields": {"order_number": "671C484CCAE0417F92E124CBEF876DB8", "user_profile": 2, "username": "", "full_name": "Luke Edwards", "email": "luketedwards96@hotmail.com", "phone_number": "07581238286", "date": "2022-08-09T12:44:49.995Z", "order_total": "5.00"}}, {"model": "checkout.order", "pk": 59, "fields": {"order_number": "C4CD546076974540A6B607DC4D7A4ECA", "user_profile": null, "username": "", "full_name": "Luke Edwards", "email": "luketedwards96@hotmail.com", "phone_number": "07581238286", "date": "2022-08-09T12:48:58.460Z", "order_total": "3.50"}}, {"model": "checkout.order", "pk": 60, "fields": {"order_number": "AF52D76348F0434F8E24441FACA7C3D2", "user_profile": null, "username": "", "full_name": "Luke Edwards", "email": "luketedwards96@hotmail.com", "phone_number": "07581238286", "date": "2022-08-09T12:53:09.764Z", "order_total": "3.50"}}, {"model": "checkout.order", "pk": 61, "fields": {"order_number": "CD1BCE211EA942B19F13ABA7A196AC32", "user_profile": null, "username": "", "full_name": "Luke Edwards", "email": "luketedwards96@hotmail.com", "phone_number": "07581238286", "date": "2022-08-09T12:54:54.459Z", "order_total": "3.50"}}, {"model": "checkout.order", "pk": 62, "fields": {"order_number": "FCD6C65676BA4B86B21FB6BACE6A98CF", "user_profile": null, "username": "", "full_name": "Luke Edwards", "email": "luketedwards96@hotmail.com", "phone_number": "07581238286", "date": "2022-08-09T12:55:36.059Z", "order_total": "3.50"}}, {"model": "checkout.order", "pk": 63, "fields": {"order_number": "6111572F371B45BBA80DDD9213D16BC0", "user_profile": null, "username": "", "full_name": "Luke Edwards", "email": "luketedwards96@hotmail.com", "phone_number": "07581238286", "date": "2022-08-09T12:58:58.576Z", "order_total": "3.50"}}, {"model": "checkout.order", "pk": 64, "fields": {"order_number": "105E5946624D4A2E9FC4399E94DB153E", "user_profile": null, "username": "", "full_name": "Luke Edwards", "email": "luketedwards96@hotmail.com", "phone_number": "07581238286", "date": "2022-08-09T12:59:21.528Z", "order_total": "3.50"}}, {"model": "checkout.order", "pk": 65, "fields": {"order_number": "039C673142A54249AB6FF22D586046F7", "user_profile": null, "username": "", "full_name": "Luke Edwards", "email": "luketedwards96@hotmail.com", "phone_number": "07581238286", "date": "2022-08-09T12:59:53.143Z", "order_total": "3.50"}}, {"model": "checkout.order", "pk": 66, "fields": {"order_number": "44AFA2A3D3B6490E89560B275779642E", "user_profile": null, "username": "", "full_name": "Luke Edwards", "email": "luketedwards96@hotmail.com", "phone_number": "07581238286", "date": "2022-08-09T13:03:26.008Z", "order_total": "3.50"}}, {"model": "checkout.order", "pk": 67, "fields": {"order_number": "975B4E1C61DA45698D4406698C30AB47", "user_profile": null, "username": "", "full_name": "Luke Edwards", "email": "luketedwards96@hotmail.com", "phone_number": "07581238286", "date": "2022-08-09T13:07:33.398Z", "order_total": "3.50"}}, {"model": "checkout.order", "pk": 68, "fields": {"order_number": "9936C05CA42C488990BEC1459DD9C508", "user_profile": 2, "username": "", "full_name": "Luke Edwards", "email": "luketedwards96@hotmail.com", "phone_number": "07581238286", "date": "2022-08-09T13:08:20.162Z", "order_total": "3.50"}}, {"model": "checkout.order", "pk": 69, "fields": {"order_number": "BDA9460199BC40F0923C88D7468922B5", "user_profile": 2, "username": "", "full_name": "Luke Edwards", "email": "luketedwards96@hotmail.com", "phone_number": "07581238286", "date": "2022-08-09T13:09:00.566Z", "order_total": "8.00"}}, {"model": "checkout.order", "pk": 70, "fields": {"order_number": "496016EE19DD476E98D45916A21522A1", "user_profile": 2, "username": "", "full_name": "Luke Edwards", "email": "luketedwards96@hotmail.com", "phone_number": "07581238286", "date": "2022-08-09T13:14:44.392Z", "order_total": "8.50"}}, {"model": "checkout.order", "pk": 71, "fields": {"order_number": "6E9AE21A44874DCC908DA7D9F09E7266", "user_profile": null, "username": "", "full_name": "Luke Edwards", "email": "luketedwards96@hotmail.com", "phone_number": "07581238286", "date": "2022-08-09T15:22:50.872Z", "order_total": "5.00"}}, {"model": "checkout.order", "pk": 72, "fields": {"order_number": "D7218D0A290E4F1E82E52E70F19D562C", "user_profile": null, "username": "", "full_name": "Luke Edwards", "email": "luketedwards96@hotmail.com", "phone_number": "07581238286", "date": "2022-08-09T15:24:07.614Z", "order_total": "5.00"}}, {"model": "checkout.order", "pk": 73, "fields": {"order_number": "EA7124E2FF4D4C03AEA0C8B0B72BD4F9", "user_profile": 2, "username": "", "full_name": "Luke Edwards", "email": "luketedwards96@hotmail.com", "phone_number": "07581238286", "date": "2022-08-09T15:24:44.626Z", "order_total": "5.00"}}, {"model": "checkout.order", "pk": 74, "fields": {"order_number": "83C196599995415E95028FDDCF2E4BE6", "user_profile": null, "username": "", "full_name": "Luke Edwards", "email": "luketedwards96@hotmail.com", "phone_number": "07581238286", "date": "2022-08-23T15:07:46.400Z", "order_total": "5.00"}}, {"model": "checkout.order", "pk": 75, "fields": {"order_number": "C0F36B8D5DA64CC0A9ACA23CE5A396F4", "user_profile": null, "username": "", "full_name": "Luke Edwards", "email": "luketedwards96@hotmail.com", "phone_number": "07581238286", "date": "2022-08-23T15:09:12.163Z", "order_total": "5.00"}}, {"model": "checkout.order", "pk": 76, "fields": {"order_number": "88C9E9F64A3D4FDFB4F235FB41D7B1A0", "user_profile": null, "username": "", "full_name": "Luke Edwards", "email": "luketedwards96@hotmail.com", "phone_number": "07581238286", "date": "2022-08-23T15:09:41.024Z", "order_total": "5.00"}}, {"model": "checkout.order", "pk": 77, "fields": {"order_number": "C1C16F09415B42FAA8A71F3993F7417B", "user_profile": null, "username": "", "full_name": "Luke Edwards", "email": "luketedwards96@hotmail.com", "phone_number": "07581238286", "date": "2022-08-23T15:10:53.958Z", "order_total": "0.00"}}, {"model": "checkout.order", "pk": 78, "fields": {"order_number": "89AA91CFFE52433E855693E1FDB480C3", "user_profile": null, "username": "", "full_name": "Luke Edwards", "email": "luketedwards96@hotmail.com", "phone_number": "07581238286", "date": "2022-08-23T15:13:42.606Z", "order_total": "5.00"}}, {"model": "checkout.order", "pk": 79, "fields": {"order_number": "411F14C9CB364E7A8270A563B0CEF622", "user_profile": null, "username": "", "full_name": "Luke Edwards", "email": "luketedwards96@hotmail.com", "phone_number": "07581238286", "date": "2022-08-23T15:16:26.081Z", "order_total": "5.00"}}, {"model": "checkout.order", "pk": 80, "fields": {"order_number": "DCF65FE859EA45F296747D0EFF5FBD3C", "user_profile": null, "username": "", "full_name": "Luke Edwards", "email": "luketedwards96@hotmail.com", "phone_number": "07581238286", "date": "2022-08-23T15:17:15.795Z", "order_total": "5.00"}}, {"model": "checkout.order", "pk": 81, "fields": {"order_number": "A223F33C74F442FB9C0728C54BC890F4", "user_profile": null, "username": "", "full_name": "Luke Edwards", "email": "luketedwards96@hotmail.com", "phone_number": "07581238286", "date": "2022-08-23T15:18:06.130Z", "order_total": "5.00"}}, {"model": "checkout.order", "pk": 82, "fields": {"order_number": "8F18D7C9DB7644C58007B1B73AD72A61", "user_profile": null, "username": "", "full_name": "Luke Edwards", "email": "luketedwards96@hotmail.com", "phone_number": "07581238286", "date": "2022-08-23T15:20:41.564Z", "order_total": "5.00"}}, {"model": "checkout.order", "pk": 83, "fields": {"order_number": "188BB09A9F864F38BCDA9B71F2895033", "user_profile": null, "username": "", "full_name": "Luke Edwards", "email": "luketedwards96@hotmail.com", "phone_number": "07581238286", "date": "2022-08-23T15:22:17.585Z", "order_total": "5.00"}}, {"model": "checkout.order", "pk": 84, "fields": {"order_number": "1DAB1DF6274044A083A6F331D947B48C", "user_profile": null, "username": "", "full_name": "Luke Edwards", "email": "luketedwards96@hotmail.com", "phone_number": "07581238286", "date": "2022-08-23T15:22:45.640Z", "order_total": "5.00"}}, {"model": "checkout.order", "pk": 85, "fields": {"order_number": "24C73F3DB4A2464CAC6F06603F3B2CF9", "user_profile": null, "username": "", "full_name": "Luke Edwards", "email": "luketedwards96@hotmail.com", "phone_number": "07581238286", "date": "2022-08-23T15:23:07.062Z", "order_total": "5.00"}}, {"model": "checkout.order", "pk": 86, "fields": {"order_number": "D3CFFA5C4D2647EA9E372DA4F9C0C6F8", "user_profile": null, "username": "", "full_name": "Luke Edwards", "email": "luketedwards96@hotmail.com", "phone_number": "07581238286", "date": "2022-08-23T15:37:18.762Z", "order_total": "5.00"}}, {"model": "checkout.order", "pk": 87, "fields": {"order_number": "82BD7F9C50484AD1B9A8FE203BCEA9A2", "user_profile": null, "username": "", "full_name": "Luke Edwards", "email": "luketedwards96@hotmail.com", "phone_number": "07581238286", "date": "2022-08-23T15:37:36.871Z", "order_total": "5.00"}}, {"model": "checkout.order", "pk": 88, "fields": {"order_number": "77956EEF797B4B3C91313141A14E3B4F", "user_profile": null, "username": "", "full_name": "Luke Edwards", "email": "luketedwards96@hotmail.com", "phone_number": "07581238286", "date": "2022-08-23T15:37:49.236Z", "order_total": "5.00"}}, {"model": "checkout.order", "pk": 89, "fields": {"order_number": "DBB62ECF52BC4196A4E72D585E2CBB3E", "user_profile": null, "username": "", "full_name": "Luke Edwards", "email": "luketedwards96@hotmail.com", "phone_number": "07581238286", "date": "2022-08-23T15:38:46.789Z", "order_total": "5.00"}}, {"model": "checkout.order", "pk": 90, "fields": {"order_number": "94D8BFF62D384667B8CD7F320427B2AD", "user_profile": null, "username": "", "full_name": "Luke Edwards", "email": "luketedwards96@hotmail.com", "phone_number": "07581238286", "date": "2022-08-23T15:39:32.764Z", "order_total": "5.00"}}, {"model": "checkout.order", "pk": 91, "fields": {"order_number": "1020CB4C2E3445B7BDD8C5223FAFDB79", "user_profile": null, "username": "", "full_name": "Luke Edwards", "email": "luketedwards96@hotmail.com", "phone_number": "07581238286", "date": "2022-08-23T15:41:23.431Z", "order_total": "5.00"}}, {"model": "checkout.order", "pk": 92, "fields": {"order_number": "FDC951FF6776407E8FB9F637EF6D16A4", "user_profile": null, "username": "", "full_name": "Luke Edwards", "email": "luketedwards96@hotmail.com", "phone_number": "07581238286", "date": "2022-08-23T15:42:40.956Z", "order_total": "5.00"}}, {"model": "checkout.order", "pk": 93, "fields": {"order_number": "16DDB86F33594DF28FCE765F6E08E2C5", "user_profile": null, "username": "", "full_name": "Luke Edwards", "email": "luketedwards96@hotmail.com", "phone_number": "07581238286", "date": "2022-08-23T15:43:10.309Z", "order_total": "5.00"}}, {"model": "checkout.order", "pk": 94, "fields": {"order_number": "C6CE4E720CE941939CCA0895003A4B3F", "user_profile": null, "username": "", "full_name": "Luke Edwards", "email": "luketedwards96@hotmail.com", "phone_number": "07581238286", "date": "2022-08-23T15:44:41.269Z", "order_total": "5.00"}}, {"model": "checkout.order", "pk": 95, "fields": {"order_number": "A3E78A30F37843F2BE6DCE233BF44CE5", "user_profile": 2, "username": "", "full_name": "Luke Edwards", "email": "luketedwards96@hotmail.com", "phone_number": "07581238286", "date": "2022-08-23T15:44:54.606Z", "order_total": "5.00"}}, {"model": "checkout.order", "pk": 96, "fields": {"order_number": "73BCEC6B9AD24BCCBD38C67D8DF169C2", "user_profile": 2, "username": "", "full_name": "Luke Edwards", "email": "luketedwards96@hotmail.com", "phone_number": "07581238286", "date": "2022-08-23T15:50:47.462Z", "order_total": "2.00"}}, {"model": "checkout.order", "pk": 97, "fields": {"order_number": "FE0B9FDDEDB5475F8493955F2F98A093", "user_profile": null, "username": "", "full_name": "Luke Edwards", "email": "luketedwards96@hotmail.com", "phone_number": "07581238286", "date": "2022-08-23T16:11:25.960Z", "order_total": "4.50"}}, {"model": "checkout.order", "pk": 98, "fields": {"order_number": "426EC1A1361745458ABFE4C32B85F842", "user_profile": null, "username": "", "full_name": "Luke Edwards", "email": "luketedwards96@hotmail.com", "phone_number": "07581238286", "date": "2022-08-23T16:14:18.971Z", "order_total": "4.50"}}, {"model": "checkout.order", "pk": 99, "fields": {"order_number": "63D4E06B0A174ECF86FA4AD741368C3F", "user_profile": null, "username": "", "full_name": "Luke Edwards", "email": "luketedwards96@hotmail.com", "phone_number": "07581238286", "date": "2022-08-23T16:16:00.147Z", "order_total": "4.50"}}, {"model": "checkout.order", "pk": 100, "fields": {"order_number": "0DE7A18EC4F8435BB60795126E85ACF5", "user_profile": null, "username": "", "full_name": "Luke Edwards", "email": "luketedwards96@hotmail.com", "phone_number": "07581238286", "date": "2022-08-23T16:16:32.053Z", "order_total": "4.50"}}, {"model": "checkout.order", "pk": 101, "fields": {"order_number": "A997BB68B890489CB5013E9B234C1F8F", "user_profile": null, "username": "", "full_name": "Luke Edwards", "email": "luketedwards96@hotmail.com", "phone_number": "07581238286", "date": "2022-08-23T16:25:20.537Z", "order_total": "4.50"}}, {"model": "checkout.order", "pk": 102, "fields": {"order_number": "EB9882AB5FC24F02ABCFEE926AFAF8CF", "user_profile": null, "username": "", "full_name": "Luke Edwards", "email": "luketedwards96@hotmail.com", "phone_number": "07581238286", "date": "2022-08-23T16:30:07.108Z", "order_total": "4.50"}}, {"model": "checkout.order", "pk": 103, "fields": {"order_number": "764B3E28603D476AB8F17EAA235D7729", "user_profile": null, "username": "", "full_name": "Luke Edwards", "email": "luketedwards96@hotmail.com", "phone_number": "07581238286", "date": "2022-08-23T16:34:07.120Z", "order_total": "4.50"}}, {"model": "checkout.order", "pk": 104, "fields": {"order_number": "9438C3479D2C4F49B4F96E0619F40A62", "user_profile": null, "username": "", "full_name": "Luke Edwards", "email": "luketedwards96@hotmail.com", "phone_number": "07581238286", "date": "2022-08-23T16:52:41.201Z", "order_total": "4.50"}}, {"model": "checkout.order", "pk": 105, "fields": {"order_number": "57FCE35BCF6D447E986CE5E1A68DB447", "user_profile": null, "username": "", "full_name": "Luke Edwards", "email": "luketedwards96@hotmail.com", "phone_number": "07581238286", "date": "2022-08-23T16:54:03.528Z", "order_total": "4.50"}}, {"model": "checkout.order", "pk": 106, "fields": {"order_number": "27C245F36B21436E9FFE29A122BE71DB", "user_profile": null, "username": "", "full_name": "Luke Edwards", "email": "luketedwards96@hotmail.com", "phone_number": "07581238286", "date": "2022-08-23T16:54:32.489Z", "order_total": "4.50"}}, {"model": "checkout.order", "pk": 107, "fields": {"order_number": "671BE1FD0A3242A1B6B645E4725D6A85", "user_profile": null, "username": "", "full_name": "Luke Edwards", "email": "luketedwards96@hotmail.com", "phone_number": "07581238286", "date": "2022-08-23T16:54:52.956Z", "order_total": "4.50"}}, {"model": "checkout.order", "pk": 108, "fields": {"order_number": "1AA4D18D878749F8BDDCE7C6C4D8318F", "user_profile": null, "username": "", "full_name": "Luke Edwards", "email": "luketedwards96@hotmail.com", "phone_number": "07581238286", "date": "2022-08-23T16:55:09.038Z", "order_total": "4.50"}}, {"model": "checkout.order", "pk": 109, "fields": {"order_number": "4784E9F5B8FA42E683218745945A2B15", "user_profile": 2, "username": "", "full_name": "Luke Edwards", "email": "luketedwards96@hotmail.com", "phone_number": "07581238286", "date": "2022-08-23T16:55:19.459Z", "order_total": "4.50"}}, {"model": "checkout.order", "pk": 110, "fields": {"order_number": "491C18F38F994C1883E91E6BDD4F1DE0", "user_profile": 2, "username": "", "full_name": "Luke Edwards", "email": "luketedwards96@hotmail.com", "phone_number": "07581238286", "date": "2022-08-23T17:02:41.699Z", "order_total": "4.50"}}, {"model": "checkout.order", "pk": 111, "fields": {"order_number": "693777D33F9C4EB1B5603A360225DE7A", "user_profile": 2, "username": "", "full_name": "Luke Edwards", "email": "luketedwards96@hotmail.com", "phone_number": "07581238286", "date": "2022-08-23T17:07:25.814Z", "order_total": "5.00"}}, {"model": "checkout.order", "pk": 112, "fields": {"order_number": "B1C3A503C2EB4273920A5B8D2A6E50C0", "user_profile": 2, "username": "", "full_name": "Luke Edwards", "email": "luketedwards96@hotmail.com", "phone_number": "07581238286", "date": "2022-08-23T17:09:52.540Z", "order_total": "6.00"}}, {"model": "checkout.order", "pk": 113, "fields": {"order_number": "212CCB9D918F4636AAF1EA045131877A", "user_profile": 2, "username": "", "full_name": "Luke Edwards", "email": "luketedwards96@hotmail.com", "phone_number": "07581238286", "date": "2022-08-23T17:22:51.698Z", "order_total": "7.00"}}, {"model": "checkout.order", "pk": 114, "fields": {"order_number": "6589F71B243F49848130A5AC2186BF87", "user_profile": 2, "username": "", "full_name": "Luke Edwards", "email": "luketedwards96@hotmail.com", "phone_number": "07581238286", "date": "2022-08-23T17:24:44.959Z", "order_total": "2.00"}}, {"model": "checkout.order", "pk": 115, "fields": {"order_number": "F47451CB17084634A4AE27A406AC8F74", "user_profile": 2, "username": "", "full_name": "Luke Edwards", "email": "luketedwards96@hotmail.com", "phone_number": "07581238286", "date": "2022-08-23T17:29:40.745Z", "order_total": "2.00"}}, {"model": "checkout.order", "pk": 116, "fields": {"order_number": "0253E8DB4B714FDCA3A19B6F7AEBDCA9", "user_profile": 2, "username": "", "full_name": "Luke Edwards", "email": "luketedwards96@hotmail.com", "phone_number": "07581238286", "date": "2022-08-23T17:32:28.622Z", "order_total": "3.00"}}, {"model": "checkout.order", "pk": 117, "fields": {"order_number": "C50B77FF489D4863A4558825FCC62238", "user_profile": 2, "username": "", "full_name": "Luke Edwards", "email": "luketedwards96@hotmail.com", "phone_number": "07581238286", "date": "2022-08-23T17:41:33.081Z", "order_total": "2.00"}}, {"model": "checkout.order", "pk": 118, "fields": {"order_number": "ABA394A1476743CCB4EFAE5465C92C42", "user_profile": 2, "username": "", "full_name": "Luke Edwards", "email": "luketedwards96@hotmail.com", "phone_number": "07581238286", "date": "2022-08-23T17:42:55.500Z", "order_total": "2.00"}}, {"model": "checkout.order", "pk": 119, "fields": {"order_number": "D1F8B508329942A2B49A0405FD251F8E", "user_profile": 2, "username": "", "full_name": "Luke Edwards", "email": "luketedwards96@hotmail.com", "phone_number": "07581238286", "date": "2022-08-23T17:44:13.596Z", "order_total": "9.00"}}, {"model": "checkout.order", "pk": 120, "fields": {"order_number": "6C214200566344969D448B0401ABA7D5", "user_profile": null, "username": "", "full_name": "Luke Edwards", "email": "luketedwards96@hotmail.com", "phone_number": "07581238286", "date": "2022-08-23T17:46:44.556Z", "order_total": "3.00"}}, {"model": "checkout.order", "pk": 121, "fields": {"order_number": "92E2EC5B8B6B4DACA63E3B2BDF4C854C", "user_profile": 2, "username": "", "full_name": "Luke Edwards", "email": "luketedwards96@hotmail.com", "phone_number": "07581238286", "date": "2022-08-23T17:49:10.543Z", "order_total": "3.00"}}, {"model": "checkout.order", "pk": 122, "fields": {"order_number": "F985C89755334270BBCA1E7A44C39559", "user_profile": 2, "username": "", "full_name": "Luke Edwards", "email": "luketedwards96@hotmail.com", "phone_number": "07581238286", "date": "2022-08-23T17:51:57.150Z", "order_total": "3.00"}}, {"model": "checkout.order", "pk": 123, "fields": {"order_number": "31D09AC5E23349169CFB4BCC7B5736DB", "user_profile": 2, "username": "", "full_name": "Luke Edwards", "email": "luketedwards96@hotmail.com", "phone_number": "07581238286", "date": "2022-08-23T17:57:24.615Z", "order_total": "3.00"}}, {"model": "checkout.order", "pk": 124, "fields": {"order_number": "A3F448F5FAB840A2A4041E2CE0186A0B", "user_profile": null, "username": "", "full_name": "Luke Edwards", "email": "luketedwards96@hotmail.com", "phone_number": "07581238286", "date": "2022-08-24T15:45:34.154Z", "order_total": "10.00"}}, {"model": "checkout.order", "pk": 125, "fields": {"order_number": "CC974E796EAC424EB8867A23842066AF", "user_profile": null, "username": "", "full_name": "Luke Edwards", "email": "luketedwards96@hotmail.com", "phone_number": "07581238286", "date": "2022-08-24T16:14:27.252Z", "order_total": "10.00"}}, {"model": "checkout.order", "pk": 126, "fields": {"order_number": "6F6B1BFCB5634AE6B55BA3A0AC0BD78E", "user_profile": null, "username": "", "full_name": "Luke Edwards", "email": "luketedwards96@hotmail.com", "phone_number": "07581238286", "date": "2022-08-24T16:16:57.168Z", "order_total": "10.00"}}, {"model": "checkout.order", "pk": 127, "fields": {"order_number": "802F10A5D2EC4DB4861F6F560E909074", "user_profile": null, "username": "", "full_name": "Luke Edwards", "email": "luketedwards96@hotmail.com", "phone_number": "07581238286", "date": "2022-08-24T16:17:16.640Z", "order_total": "10.00"}}, {"model": "checkout.order", "pk": 128, "fields": {"order_number": "00B2CA0F61844389B556B1CE6ED5C624", "user_profile": null, "username": "", "full_name": "Luke Edwards", "email": "luketedwards96@hotmail.com", "phone_number": "07581238286", "date": "2022-08-24T16:17:27.966Z", "order_total": "10.00"}}, {"model": "checkout.order", "pk": 129, "fields": {"order_number": "B93832A6718044A995ACAB12D8032AE2", "user_profile": null, "username": "", "full_name": "Luke Edwards", "email": "luketedwards96@hotmail.com", "phone_number": "07581238286", "date": "2022-08-24T16:18:40.533Z", "order_total": "10.00"}}, {"model": "checkout.order", "pk": 130, "fields": {"order_number": "C1510DCEBD5A47D98E834BB5B13EEF65", "user_profile": null, "username": "", "full_name": "Luke Edwards", "email": "luketedwards96@hotmail.com", "phone_number": "07581238286", "date": "2022-08-24T16:19:08.423Z", "order_total": "10.00"}}, {"model": "checkout.order", "pk": 131, "fields": {"order_number": "09FFBEF144B04CD2AC8D0D980AEE3E8F", "user_profile": null, "username": "", "full_name": "Luke Edwards", "email": "luketedwards96@hotmail.com", "phone_number": "07581238286", "date": "2022-08-24T16:20:42.746Z", "order_total": "10.00"}}, {"model": "checkout.order", "pk": 132, "fields": {"order_number": "E810A4419BCE4FF6B100BEA05DB7E992", "user_profile": null, "username": "", "full_name": "Luke Edwards", "email": "luketedwards96@hotmail.com", "phone_number": "07581238286", "date": "2022-08-24T16:24:34.340Z", "order_total": "10.00"}}, {"model": "checkout.order", "pk": 133, "fields": {"order_number": "4F31944DE7924421940AD1B65D4718F9", "user_profile": null, "username": "", "full_name": "Luke Edwards", "email": "luketedwards96@hotmail.com", "phone_number": "07581238286", "date": "2022-08-24T16:25:42.482Z", "order_total": "10.00"}}, {"model": "checkout.order", "pk": 134, "fields": {"order_number": "EFF9B6C06F854DFC8E776C65A5D5E14A", "user_profile": null, "username": "", "full_name": "Luke Edwards", "email": "luketedwards96@hotmail.com", "phone_number": "07581238286", "date": "2022-08-24T16:26:27.738Z", "order_total": "10.00"}}, {"model": "checkout.order", "pk": 135, "fields": {"order_number": "ECF54B1D7D844EA2B7E651A3AC3E9055", "user_profile": null, "username": "", "full_name": "Luke Edwards", "email": "luketedwards96@hotmail.com", "phone_number": "07581238286", "date": "2022-08-24T16:27:04.319Z", "order_total": "10.00"}}, {"model": "checkout.order", "pk": 136, "fields": {"order_number": "AB62BA5F6D3748D0AF82F938E3BBAA42", "user_profile": 2, "username": "", "full_name": "Luke Edwards", "email": "luketedwards96@hotmail.com", "phone_number": "07581238286", "date": "2022-08-24T16:27:38.243Z", "order_total": "10.00"}}, {"model": "checkout.order", "pk": 137, "fields": {"order_number": "C4F4525E96AB493FB0CBD25CB401BC42", "user_profile": 2, "username": "", "full_name": "Luke Edwards Three", "email": "luketedwards96@hotmail.com", "phone_number": "07581238286", "date": "2022-08-24T16:46:36.133Z", "order_total": "12.00"}}, {"model": "checkout.order", "pk": 138, "fields": {"order_number": "FF39B0D9C0DD431482C7681F93A4CEB2", "user_profile": null, "username": "", "full_name": "Luke Edwards", "email": "luketedwards96@hotmail.com", "phone_number": "07581238286", "date": "2022-08-24T16:54:38.698Z", "order_total": "8.50"}}, {"model": "checkout.order", "pk": 139, "fields": {"order_number": "7F3F6EB8630B45E787FB57FE0E960A3A", "user_profile": null, "username": "", "full_name": "Luke Edwards", "email": "luketedwards96@hotmail.com", "phone_number": "07581238286", "date": "2022-08-24T16:55:31.418Z", "order_total": "8.50"}}, {"model": "checkout.order", "pk": 140, "fields": {"order_number": "43892DD40F5D4EA0851575C5A2CD80FE", "user_profile": null, "username": "", "full_name": "Luke Edwards", "email": "luketedwards96@hotmail.com", "phone_number": "07581238286", "date": "2022-08-24T16:55:46.738Z", "order_total": "8.50"}}, {"model": "checkout.order", "pk": 141, "fields": {"order_number": "74DA97E419B642E4852E2A06478F1440", "user_profile": null, "username": "", "full_name": "Luke Edwards", "email": "luketedwards96@hotmail.com", "phone_number": "07581238286", "date": "2022-08-24T16:57:28.019Z", "order_total": "8.50"}}, {"model": "checkout.order", "pk": 142, "fields": {"order_number": "D355456D30764C95B0285B43347AE6DB", "user_profile": null, "username": "", "full_name": "Luke Edwards", "email": "luketedwards96@hotmail.com", "phone_number": "07581238286", "date": "2022-08-24T16:57:43.037Z", "order_total": "8.50"}}, {"model": "checkout.order", "pk": 143, "fields": {"order_number": "A3CC91FFC21649A78F1DA9019C22DBD4", "user_profile": null, "username": "", "full_name": "Luke Edwards", "email": "luketedwards96@hotmail.com", "phone_number": "07581238286", "date": "2022-08-24T16:57:52.250Z", "order_total": "8.50"}}, {"model": "checkout.order", "pk": 144, "fields": {"order_number": "C8886F57765C44D8AAD4B77E447BDA54", "user_profile": null, "username": "", "full_name": "Luke Edwards", "email": "luketedwards96@hotmail.com", "phone_number": "07581238286", "date": "2022-08-24T16:59:52.964Z", "order_total": "8.50"}}, {"model": "checkout.order", "pk": 145, "fields": {"order_number": "7604F7DAE7654EABBB598C8C0029BEA7", "user_profile": 3, "username": "", "full_name": "Luke Edwards", "email": "luketedwards96@hotmail.com", "phone_number": "07581238286", "date": "2022-08-24T17:03:11.489Z", "order_total": "8.50"}}, {"model": "checkout.order", "pk": 146, "fields": {"order_number": "6879BE4648774705BE017BD02A48538C", "user_profile": null, "username": "", "full_name": "Luke Edwards", "email": "luketedwards96@hotmail.com", "phone_number": "07581238286", "date": "2022-08-26T12:30:24.626Z", "order_total": "3.50"}}, {"model": "checkout.order", "pk": 147, "fields": {"order_number": "3C4066CEF2974AB58BCDD4212682A2D6", "user_profile": null, "username": "", "full_name": "Luke Edwards", "email": "luketedwards96@hotmail.com", "phone_number": "07581238286", "date": "2022-08-26T12:30:41.979Z", "order_total": "3.50"}}, {"model": "checkout.order", "pk": 148, "fields": {"order_number": "63E02F221A4A4826852D2F01DC70AEC6", "user_profile": 3, "username": "", "full_name": "Luke Edwards", "email": "luketedwards96@hotmail.com", "phone_number": "07581238286", "date": "2022-08-26T12:33:53.676Z", "order_total": "3.50"}}, {"model": "checkout.order", "pk": 149, "fields": {"order_number": "C92E406547AC413180828B62F56D84CC", "user_profile": 3, "username": "", "full_name": "Luke Edwards", "email": "luketedwards96@hotmail.com", "phone_number": "07581238286", "date": "2022-08-26T12:49:50.335Z", "order_total": "11.50"}}, {"model": "checkout.order", "pk": 150, "fields": {"order_number": "90D361F301DB46DDB926CB82BAA9B648", "user_profile": null, "username": "", "full_name": "Luke Edwards", "email": "luketedwards96@hotmail.com", "phone_number": "07581238286", "date": "2022-08-26T12:56:20.148Z", "order_total": "10.50"}}, {"model": "checkout.order", "pk": 151, "fields": {"order_number": "FF97F1A366AB4749B4164D4D4BCF80EF", "user_profile": 3, "username": "", "full_name": "Luke Edwards", "email": "luketedwards96@hotmail.com", "phone_number": "07581238286", "date": "2022-08-26T12:56:46.955Z", "order_total": "10.50"}}, {"model": "checkout.order", "pk": 152, "fields": {"order_number": "AFAD9A7FBBC9448DBB28E0C8B8C9BACC", "user_profile": 3, "username": "", "full_name": "Luke Edwards", "email": "luketedwards96@hotmail.com", "phone_number": "07581238286", "date": "2022-08-26T22:18:02.279Z", "order_total": "8.50"}}, {"model": "checkout.order", "pk": 153, "fields": {"order_number": "E1222E4AA15A495A881191C046B1DBE0", "user_profile": 3, "username": "", "full_name": "Luke Edwards", "email": "luketedwards96@hotmail.com", "phone_number": "07581238286", "date": "2022-08-26T22:41:15.555Z", "order_total": "13.00"}}, {"model": "checkout.order", "pk": 154, "fields": {"order_number": "6F1D635BB76747598F4CA124A65E2934", "user_profile": 3, "username": "", "full_name": "Luke Edwards", "email": "luketedwards96@hotmail.com", "phone_number": "07581238286", "date": "2022-08-29T12:45:19.814Z", "order_total": "5.00"}}, {"model": "checkout.order", "pk": 155, "fields": {"order_number": "77AEECCEBC6C48FFA1DB95CDF7D1800B", "user_profile": null, "username": "", "full_name": "Luke Edwards", "email": "luketedwards96@hotmail.com", "phone_number": "07581238286", "date": "2022-08-29T12:53:23.711Z", "order_total": "3.50"}}, {"model": "checkout.order", "pk": 156, "fields": {"order_number": "CD261BA5D6B74A738BD8F4EE5DB93000", "user_profile": 3, "username": "", "full_name": "Luke Edwards", "email": "luketedwards96@hotmail.com", "phone_number": "07581238286", "date": "2022-08-29T12:53:54.654Z", "order_total": "3.50"}}, {"model": "checkout.order", "pk": 157, "fields": {"order_number": "931FB1CCB01246E49E1157D02BAB650C", "user_profile": 2, "username": "", "full_name": "Luke Edwards", "email": "luketedwards96@hotmail.com", "phone_number": "07581238286", "date": "2022-08-31T15:49:17.108Z", "order_total": "90.00"}}, {"model": "checkout.orderlineitem", "pk": 1, "fields": {"order": 12, "product": 6, "lineitem_total": "3.50", "vendor": null}}, {"model": "checkout.orderlineitem", "pk": 2, "fields": {"order": 12, "product": 4, "lineitem_total": "3.50", "vendor": null}}, {"model": "checkout.orderlineitem", "pk": 3, "fields": {"order": 13, "product": 16, "lineitem_total": "2.00", "vendor": null}}, {"model": "checkout.orderlineitem", "pk": 4, "fields": {"order": 14, "product": 6, "lineitem_total": "3.50", "vendor": null}}, {"model": "checkout.orderlineitem", "pk": 5, "fields": {"order": 15, "product": 7, "lineitem_total": "3.50", "vendor": null}}, {"model": "checkout.orderlineitem", "pk": 6, "fields": {"order": 16, "product": 7, "lineitem_total": "3.50", "vendor": null}}, {"model": "checkout.orderlineitem", "pk": 7, "fields": {"order": 17, "product": 7, "lineitem_total": "3.50", "vendor": null}}, {"model": "checkout.orderlineitem", "pk": 8, "fields": {"order": 18, "product": 7, "lineitem_total": "3.50", "vendor": null}}, {"model": "checkout.orderlineitem", "pk": 9, "fields": {"order": 19, "product": 7, "lineitem_total": "3.50", "vendor": null}}, {"model": "checkout.orderlineitem", "pk": 10, "fields": {"order": 20, "product": 7, "lineitem_total": "3.50", "vendor": null}}, {"model": "checkout.orderlineitem", "pk": 11, "fields": {"order": 21, "product": 7, "lineitem_total": "3.50", "vendor": null}}, {"model": "checkout.orderlineitem", "pk": 12, "fields": {"order": 22, "product": 6, "lineitem_total": "3.50", "vendor": null}}, {"model": "checkout.orderlineitem", "pk": 13, "fields": {"order": 23, "product": 6, "lineitem_total": "3.50", "vendor": null}}, {"model": "checkout.orderlineitem", "pk": 14, "fields": {"order": 24, "product": 6, "lineitem_total": "3.50", "vendor": null}}, {"model": "checkout.orderlineitem", "pk": 15, "fields": {"order": 25, "product": 4, "lineitem_total": "3.50", "vendor": null}}, {"model": "checkout.orderlineitem", "pk": 16, "fields": {"order": 26, "product": 15, "lineitem_total": "3.50", "vendor": null}}, {"model": "checkout.orderlineitem", "pk": 17, "fields": {"order": 27, "product": 6, "lineitem_total": "3.50", "vendor": null}}, {"model": "checkout.orderlineitem", "pk": 18, "fields": {"order": 28, "product": 4, "lineitem_total": "3.50", "vendor": null}}, {"model": "checkout.orderlineitem", "pk": 19, "fields": {"order": 29, "product": 6, "lineitem_total": "3.50", "vendor": null}}, {"model": "checkout.orderlineitem", "pk": 20, "fields": {"order": 30, "product": 4, "lineitem_total": "3.50", "vendor": null}}, {"model": "checkout.orderlineitem", "pk": 21, "fields": {"order": 31, "product": 6, "lineitem_total": "3.50", "vendor": null}}, {"model": "checkout.orderlineitem", "pk": 22, "fields": {"order": 32, "product": 6, "lineitem_total": "3.50", "vendor": null}}, {"model": "checkout.orderlineitem", "pk": 23, "fields": {"order": 33, "product": 15, "lineitem_total": "3.50", "vendor": null}}, {"model": "checkout.orderlineitem", "pk": 24, "fields": {"order": 34, "product": 8, "lineitem_total": "3.50", "vendor": null}}, {"model": "checkout.orderlineitem", "pk": 25, "fields": {"order": 35, "product": 4, "lineitem_total": "3.50", "vendor": null}}, {"model": "checkout.orderlineitem", "pk": 26, "fields": {"order": 35, "product": 11, "lineitem_total": "3.50", "vendor": null}}, {"model": "checkout.orderlineitem", "pk": 27, "fields": {"order": 36, "product": 68, "lineitem_total": "6.00", "vendor": null}}, {"model": "checkout.orderlineitem", "pk": 28, "fields": {"order": 37, "product": 69, "lineitem_total": "2.00", "vendor": null}}, {"model": "checkout.orderlineitem", "pk": 29, "fields": {"order": 38, "product": 77, "lineitem_total": "3.00", "vendor": null}}, {"model": "checkout.orderlineitem", "pk": 30, "fields": {"order": 39, "product": 66, "lineitem_total": "4.00", "vendor": null}}, {"model": "checkout.orderlineitem", "pk": 31, "fields": {"order": 40, "product": 7, "lineitem_total": "3.50", "vendor": null}}, {"model": "checkout.orderlineitem", "pk": 32, "fields": {"order": 41, "product": 7, "lineitem_total": "3.50", "vendor": null}}, {"model": "checkout.orderlineitem", "pk": 33, "fields": {"order": 42, "product": 7, "lineitem_total": "3.50", "vendor": null}}, {"model": "checkout.orderlineitem", "pk": 34, "fields": {"order": 43, "product": 7, "lineitem_total": "3.50", "vendor": null}}, {"model": "checkout.orderlineitem", "pk": 35, "fields": {"order": 44, "product": 7, "lineitem_total": "3.50", "vendor": null}}, {"model": "checkout.orderlineitem", "pk": 36, "fields": {"order": 45, "product": 7, "lineitem_total": "3.50", "vendor": null}}, {"model": "checkout.orderlineitem", "pk": 37, "fields": {"order": 48, "product": 7, "lineitem_total": "3.50", "vendor": null}}, {"model": "checkout.orderlineitem", "pk": 38, "fields": {"order": 49, "product": 7, "lineitem_total": "3.50", "vendor": null}}, {"model": "checkout.orderlineitem", "pk": 39, "fields": {"order": 50, "product": 7, "lineitem_total": "3.50", "vendor": null}}, {"model": "checkout.orderlineitem", "pk": 40, "fields": {"order": 51, "product": 7, "lineitem_total": "3.50", "vendor": null}}, {"model": "checkout.orderlineitem", "pk": 41, "fields": {"order": 52, "product": 7, "lineitem_total": "3.50", "vendor": null}}, {"model": "checkout.orderlineitem", "pk": 42, "fields": {"order": 53, "product": 7, "lineitem_total": "3.50", "vendor": null}}, {"model": "checkout.orderlineitem", "pk": 43, "fields": {"order": 54, "product": 7, "lineitem_total": "3.50", "vendor": null}}, {"model": "checkout.orderlineitem", "pk": 44, "fields": {"order": 55, "product": 7, "lineitem_total": "3.50", "vendor": null}}, {"model": "checkout.orderlineitem", "pk": 45, "fields": {"order": 56, "product": 7, "lineitem_total": "3.50", "vendor": null}}, {"model": "checkout.orderlineitem", "pk": 46, "fields": {"order": 57, "product": 74, "lineitem_total": "5.00", "vendor": null}}, {"model": "checkout.orderlineitem", "pk": 47, "fields": {"order": 58, "product": 74, "lineitem_total": "5.00", "vendor": null}}, {"model": "checkout.orderlineitem", "pk": 48, "fields": {"order": 59, "product": 75, "lineitem_total": "3.50", "vendor": null}}, {"model": "checkout.orderlineitem", "pk": 49, "fields": {"order": 60, "product": 75, "lineitem_total": "3.50", "vendor": null}}, {"model": "checkout.orderlineitem", "pk": 50, "fields": {"order": 61, "product": 75, "lineitem_total": "3.50", "vendor": null}}, {"model": "checkout.orderlineitem", "pk": 51, "fields": {"order": 62, "product": 75, "lineitem_total": "3.50", "vendor": null}}, {"model": "checkout.orderlineitem", "pk": 52, "fields": {"order": 63, "product": 75, "lineitem_total": "3.50", "vendor": null}}, {"model": "checkout.orderlineitem", "pk": 53, "fields": {"order": 64, "product": 75, "lineitem_total": "3.50", "vendor": null}}, {"model": "checkout.orderlineitem", "pk": 54, "fields": {"order": 65, "product": 75, "lineitem_total": "3.50", "vendor": null}}, {"model": "checkout.orderlineitem", "pk": 55, "fields": {"order": 66, "product": 75, "lineitem_total": "3.50", "vendor": null}}, {"model": "checkout.orderlineitem", "pk": 56, "fields": {"order": 67, "product": 75, "lineitem_total": "3.50", "vendor": null}}, {"model": "checkout.orderlineitem", "pk": 57, "fields": {"order": 68, "product": 75, "lineitem_total": "3.50", "vendor": null}}, {"model": "checkout.orderlineitem", "pk": 58, "fields": {"order": 69, "product": 76, "lineitem_total": "8.00", "vendor": null}}, {"model": "checkout.orderlineitem", "pk": 59, "fields": {"order": 70, "product": 73, "lineitem_total": "5.00", "vendor": null}}, {"model": "checkout.orderlineitem", "pk": 60, "fields": {"order": 70, "product": 14, "lineitem_total": "3.50", "vendor": null}}, {"model": "checkout.orderlineitem", "pk": 61, "fields": {"order": 71, "product": 72, "lineitem_total": "5.00", "vendor": null}}, {"model": "checkout.orderlineitem", "pk": 62, "fields": {"order": 72, "product": 72, "lineitem_total": "5.00", "vendor": null}}, {"model": "checkout.orderlineitem", "pk": 63, "fields": {"order": 73, "product": 72, "lineitem_total": "5.00", "vendor": null}}, {"model": "checkout.orderlineitem", "pk": 64, "fields": {"order": 74, "product": 71, "lineitem_total": "5.00", "vendor": null}}, {"model": "checkout.orderlineitem", "pk": 65, "fields": {"order": 75, "product": 71, "lineitem_total": "5.00", "vendor": null}}, {"model": "checkout.orderlineitem", "pk": 66, "fields": {"order": 76, "product": 71, "lineitem_total": "5.00", "vendor": null}}, {"model": "checkout.orderlineitem", "pk": 67, "fields": {"order": 78, "product": 71, "lineitem_total": "5.00", "vendor": null}}, {"model": "checkout.orderlineitem", "pk": 68, "fields": {"order": 79, "product": 71, "lineitem_total": "5.00", "vendor": null}}, {"model": "checkout.orderlineitem", "pk": 69, "fields": {"order": 80, "product": 71, "lineitem_total": "5.00", "vendor": null}}, {"model": "checkout.orderlineitem", "pk": 70, "fields": {"order": 81, "product": 71, "lineitem_total": "5.00", "vendor": null}}, {"model": "checkout.orderlineitem", "pk": 71, "fields": {"order": 82, "product": 71, "lineitem_total": "5.00", "vendor": null}}, {"model": "checkout.orderlineitem", "pk": 72, "fields": {"order": 83, "product": 71, "lineitem_total": "5.00", "vendor": null}}, {"model": "checkout.orderlineitem", "pk": 73, "fields": {"order": 84, "product": 71, "lineitem_total": "5.00", "vendor": null}}, {"model": "checkout.orderlineitem", "pk": 74, "fields": {"order": 85, "product": 71, "lineitem_total": "5.00", "vendor": null}}, {"model": "checkout.orderlineitem", "pk": 75, "fields": {"order": 86, "product": 71, "lineitem_total": "5.00", "vendor": null}}, {"model": "checkout.orderlineitem", "pk": 76, "fields": {"order": 87, "product": 71, "lineitem_total": "5.00", "vendor": null}}, {"model": "checkout.orderlineitem", "pk": 77, "fields": {"order": 88, "product": 71, "lineitem_total": "5.00", "vendor": null}}, {"model": "checkout.orderlineitem", "pk": 78, "fields": {"order": 89, "product": 71, "lineitem_total": "5.00", "vendor": null}}, {"model": "checkout.orderlineitem", "pk": 79, "fields": {"order": 90, "product": 71, "lineitem_total": "5.00", "vendor": null}}, {"model": "checkout.orderlineitem", "pk": 80, "fields": {"order": 91, "product": 71, "lineitem_total": "5.00", "vendor": null}}, {"model": "checkout.orderlineitem", "pk": 81, "fields": {"order": 92, "product": 71, "lineitem_total": "5.00", "vendor": null}}, {"model": "checkout.orderlineitem", "pk": 82, "fields": {"order": 93, "product": 71, "lineitem_total": "5.00", "vendor": null}}, {"model": "checkout.orderlineitem", "pk": 83, "fields": {"order": 94, "product": 71, "lineitem_total": "5.00", "vendor": null}}, {"model": "checkout.orderlineitem", "pk": 84, "fields": {"order": 95, "product": 71, "lineitem_total": "5.00", "vendor": null}}, {"model": "checkout.orderlineitem", "pk": 85, "fields": {"order": 96, "product": 16, "lineitem_total": "2.00", "vendor": null}}, {"model": "checkout.orderlineitem", "pk": 86, "fields": {"order": 97, "product": 10, "lineitem_total": "4.50", "vendor": null}}, {"model": "checkout.orderlineitem", "pk": 87, "fields": {"order": 98, "product": 10, "lineitem_total": "4.50", "vendor": null}}, {"model": "checkout.orderlineitem", "pk": 88, "fields": {"order": 99, "product": 10, "lineitem_total": "4.50", "vendor": null}}, {"model": "checkout.orderlineitem", "pk": 89, "fields": {"order": 100, "product": 10, "lineitem_total": "4.50", "vendor": null}}, {"model": "checkout.orderlineitem", "pk": 90, "fields": {"order": 101, "product": 10, "lineitem_total": "4.50", "vendor": null}}, {"model": "checkout.orderlineitem", "pk": 91, "fields": {"order": 102, "product": 10, "lineitem_total": "4.50", "vendor": null}}, {"model": "checkout.orderlineitem", "pk": 92, "fields": {"order": 103, "product": 10, "lineitem_total": "4.50", "vendor": null}}, {"model": "checkout.orderlineitem", "pk": 93, "fields": {"order": 104, "product": 10, "lineitem_total": "4.50", "vendor": null}}, {"model": "checkout.orderlineitem", "pk": 94, "fields": {"order": 105, "product": 10, "lineitem_total": "4.50", "vendor": null}}, {"model": "checkout.orderlineitem", "pk": 95, "fields": {"order": 106, "product": 10, "lineitem_total": "4.50", "vendor": null}}, {"model": "checkout.orderlineitem", "pk": 96, "fields": {"order": 107, "product": 10, "lineitem_total": "4.50", "vendor": null}}, {"model": "checkout.orderlineitem", "pk": 97, "fields": {"order": 108, "product": 10, "lineitem_total": "4.50", "vendor": null}}, {"model": "checkout.orderlineitem", "pk": 98, "fields": {"order": 109, "product": 10, "lineitem_total": "4.50", "vendor": null}}, {"model": "checkout.orderlineitem", "pk": 99, "fields": {"order": 110, "product": 67, "lineitem_total": "4.50", "vendor": null}}, {"model": "checkout.orderlineitem", "pk": 100, "fields": {"order": 111, "product": 70, "lineitem_total": "5.00", "vendor": null}}, {"model": "checkout.orderlineitem", "pk": 101, "fields": {"order": 112, "product": 78, "lineitem_total": "6.00", "vendor": null}}, {"model": "checkout.orderlineitem", "pk": 102, "fields": {"order": 113, "product": 79, "lineitem_total": "7.00", "vendor": null}}, {"model": "checkout.orderlineitem", "pk": 103, "fields": {"order": 114, "product": 80, "lineitem_total": "2.00", "vendor": null}}, {"model": "checkout.orderlineitem", "pk": 104, "fields": {"order": 115, "product": 81, "lineitem_total": "2.00", "vendor": null}}, {"model": "checkout.orderlineitem", "pk": 105, "fields": {"order": 116, "product": 82, "lineitem_total": "3.00", "vendor": null}}, {"model": "checkout.orderlineitem", "pk": 106, "fields": {"order": 117, "product": 83, "lineitem_total": "2.00", "vendor": null}}, {"model": "checkout.orderlineitem", "pk": 107, "fields": {"order": 118, "product": 84, "lineitem_total": "2.00", "vendor": null}}, {"model": "checkout.orderlineitem", "pk": 108, "fields": {"order": 119, "product": 85, "lineitem_total": "9.00", "vendor": null}}, {"model": "checkout.orderlineitem", "pk": 109, "fields": {"order": 120, "product": 86, "lineitem_total": "3.00", "vendor": null}}, {"model": "checkout.orderlineitem", "pk": 110, "fields": {"order": 121, "product": 86, "lineitem_total": "3.00", "vendor": null}}, {"model": "checkout.orderlineitem", "pk": 111, "fields": {"order": 122, "product": 87, "lineitem_total": "3.00", "vendor": null}}, {"model": "checkout.orderlineitem", "pk": 112, "fields": {"order": 123, "product": 88, "lineitem_total": "3.00", "vendor": null}}, {"model": "checkout.orderlineitem", "pk": 113, "fields": {"order": 124, "product": 89, "lineitem_total": "10.00", "vendor": null}}, {"model": "checkout.orderlineitem", "pk": 114, "fields": {"order": 125, "product": 89, "lineitem_total": "10.00", "vendor": "luketedwards"}}, {"model": "checkout.orderlineitem", "pk": 115, "fields": {"order": 126, "product": 89, "lineitem_total": "10.00", "vendor": "luketedwards"}}, {"model": "checkout.orderlineitem", "pk": 116, "fields": {"order": 127, "product": 89, "lineitem_total": "10.00", "vendor": "luketedwards"}}, {"model": "checkout.orderlineitem", "pk": 117, "fields": {"order": 128, "product": 89, "lineitem_total": "10.00", "vendor": "luketedwards"}}, {"model": "checkout.orderlineitem", "pk": 118, "fields": {"order": 129, "product": 89, "lineitem_total": "10.00", "vendor": "luketedwards"}}, {"model": "checkout.orderlineitem", "pk": 119, "fields": {"order": 130, "product": 89, "lineitem_total": "10.00", "vendor": "luketedwards"}}, {"model": "checkout.orderlineitem", "pk": 120, "fields": {"order": 131, "product": 89, "lineitem_total": "10.00", "vendor": "luketedwards"}}, {"model": "checkout.orderlineitem", "pk": 121, "fields": {"order": 132, "product": 89, "lineitem_total": "10.00", "vendor": "luketedwards"}}, {"model": "checkout.orderlineitem", "pk": 122, "fields": {"order": 133, "product": 89, "lineitem_total": "10.00", "vendor": "luketedwards"}}, {"model": "checkout.orderlineitem", "pk": 123, "fields": {"order": 134, "product": 89, "lineitem_total": "10.00", "vendor": "luketedwards"}}, {"model": "checkout.orderlineitem", "pk": 124, "fields": {"order": 135, "product": 89, "lineitem_total": "10.00", "vendor": "luketedwards"}}, {"model": "checkout.orderlineitem", "pk": 125, "fields": {"order": 136, "product": 89, "lineitem_total": "10.00", "vendor": "luketedwards"}}, {"model": "checkout.orderlineitem", "pk": 126, "fields": {"order": 137, "product": 90, "lineitem_total": "3.00", "vendor": "luketedwards"}}, {"model": "checkout.orderlineitem", "pk": 127, "fields": {"order": 137, "product": 91, "lineitem_total": "4.00", "vendor": "luketedwards"}}, {"model": "checkout.orderlineitem", "pk": 128, "fields": {"order": 137, "product": 92, "lineitem_total": "5.00", "vendor": "luketedwards2"}}, {"model": "checkout.orderlineitem", "pk": 129, "fields": {"order": 138, "product": 4, "lineitem_total": "3.50", "vendor": "luketedwards"}}, {"model": "checkout.orderlineitem", "pk": 130, "fields": {"order": 138, "product": 92, "lineitem_total": "5.00", "vendor": "luketedwards2"}}, {"model": "checkout.orderlineitem", "pk": 131, "fields": {"order": 139, "product": 4, "lineitem_total": "3.50", "vendor": "luketedwards"}}, {"model": "checkout.orderlineitem", "pk": 132, "fields": {"order": 139, "product": 92, "lineitem_total": "5.00", "vendor": "luketedwards2"}}, {"model": "checkout.orderlineitem", "pk": 133, "fields": {"order": 140, "product": 4, "lineitem_total": "3.50", "vendor": "luketedwards"}}, {"model": "checkout.orderlineitem", "pk": 134, "fields": {"order": 140, "product": 92, "lineitem_total": "5.00", "vendor": "luketedwards2"}}, {"model": "checkout.orderlineitem", "pk": 135, "fields": {"order": 141, "product": 4, "lineitem_total": "3.50", "vendor": "luketedwards"}}, {"model": "checkout.orderlineitem", "pk": 136, "fields": {"order": 141, "product": 92, "lineitem_total": "5.00", "vendor": "luketedwards2"}}, {"model": "checkout.orderlineitem", "pk": 137, "fields": {"order": 142, "product": 4, "lineitem_total": "3.50", "vendor": "luketedwards"}}, {"model": "checkout.orderlineitem", "pk": 138, "fields": {"order": 142, "product": 92, "lineitem_total": "5.00", "vendor": "luketedwards2"}}, {"model": "checkout.orderlineitem", "pk": 139, "fields": {"order": 143, "product": 4, "lineitem_total": "3.50", "vendor": "luketedwards"}}, {"model": "checkout.orderlineitem", "pk": 140, "fields": {"order": 143, "product": 92, "lineitem_total": "5.00", "vendor": "luketedwards2"}}, {"model": "checkout.orderlineitem", "pk": 141, "fields": {"order": 144, "product": 4, "lineitem_total": "3.50", "vendor": "luketedwards"}}, {"model": "checkout.orderlineitem", "pk": 142, "fields": {"order": 144, "product": 92, "lineitem_total": "5.00", "vendor": "luketedwards2"}}, {"model": "checkout.orderlineitem", "pk": 143, "fields": {"order": 145, "product": 4, "lineitem_total": "3.50", "vendor": "luketedwards"}}, {"model": "checkout.orderlineitem", "pk": 144, "fields": {"order": 145, "product": 92, "lineitem_total": "5.00", "vendor": "luketedwards2"}}, {"model": "checkout.orderlineitem", "pk": 145, "fields": {"order": 146, "product": 14, "lineitem_total": "3.50", "vendor": "luketedwards2"}}, {"model": "checkout.orderlineitem", "pk": 146, "fields": {"order": 147, "product": 14, "lineitem_total": "3.50", "vendor": "luketedwards2"}}, {"model": "checkout.orderlineitem", "pk": 147, "fields": {"order": 148, "product": 14, "lineitem_total": "3.50", "vendor": "luketedwards2"}}, {"model": "checkout.orderlineitem", "pk": 148, "fields": {"order": 149, "product": 7, "lineitem_total": "3.50", "vendor": "luketedwards2"}}, {"model": "checkout.orderlineitem", "pk": 149, "fields": {"order": 149, "product": 6, "lineitem_total": "3.50", "vendor": "luketedwards"}}, {"model": "checkout.orderlineitem", "pk": 150, "fields": {"order": 149, "product": 10, "lineitem_total": "4.50", "vendor": "luketedwards"}}, {"model": "checkout.orderlineitem", "pk": 151, "fields": {"order": 150, "product": 8, "lineitem_total": "3.50", "vendor": "luketedwards"}}, {"model": "checkout.orderlineitem", "pk": 152, "fields": {"order": 150, "product": 11, "lineitem_total": "3.50", "vendor": "luketedwards2"}}, {"model": "checkout.orderlineitem", "pk": 153, "fields": {"order": 150, "product": 15, "lineitem_total": "3.50", "vendor": "luketedwards"}}, {"model": "checkout.orderlineitem", "pk": 154, "fields": {"order": 151, "product": 8, "lineitem_total": "3.50", "vendor": "luketedwards"}}, {"model": "checkout.orderlineitem", "pk": 155, "fields": {"order": 151, "product": 11, "lineitem_total": "3.50", "vendor": "luketedwards2"}}, {"model": "checkout.orderlineitem", "pk": 156, "fields": {"order": 151, "product": 15, "lineitem_total": "3.50", "vendor": "luketedwards"}}, {"model": "checkout.orderlineitem", "pk": 157, "fields": {"order": 152, "product": 66, "lineitem_total": "4.00", "vendor": "luketedwards"}}, {"model": "checkout.orderlineitem", "pk": 158, "fields": {"order": 152, "product": 67, "lineitem_total": "4.50", "vendor": "luketedwards"}}, {"model": "checkout.orderlineitem", "pk": 159, "fields": {"order": 153, "product": 68, "lineitem_total": "6.00", "vendor": "luketedwards"}}, {"model": "checkout.orderlineitem", "pk": 160, "fields": {"order": 153, "product": 16, "lineitem_total": "2.00", "vendor": "luketedwards"}}, {"model": "checkout.orderlineitem", "pk": 161, "fields": {"order": 153, "product": 70, "lineitem_total": "5.00", "vendor": "luketedwards"}}, {"model": "checkout.orderlineitem", "pk": 162, "fields": {"order": 154, "product": 82, "lineitem_total": "3.00", "vendor": "luketedwards"}}, {"model": "checkout.orderlineitem", "pk": 163, "fields": {"order": 154, "product": 69, "lineitem_total": "2.00", "vendor": "luketedwards"}}, {"model": "checkout.orderlineitem", "pk": 164, "fields": {"order": 155, "product": 75, "lineitem_total": "3.50", "vendor": "luketedwards"}}, {"model": "checkout.orderlineitem", "pk": 165, "fields": {"order": 156, "product": 75, "lineitem_total": "3.50", "vendor": "luketedwards"}}, {"model": "checkout.orderlineitem", "pk": 166, "fields": {"order": 157, "product": 93, "lineitem_total": "90.00", "vendor": "luketedwards"}}, {"model": "voting.scorerequest", "pk": 3, "fields": {"title": "final trst", "description": "test", "date": "2022-08-23T09:04:15.182Z", "upvotes": 1, "video_link": null, "link": null, "created_by": 1, "completed": true, "likes": [1]}}, {"model": "voting.scorerequest", "pk": 7, "fields": {"title": "order test", "description": "test", "date": "2022-08-23T09:04:13.392Z", "upvotes": 0, "video_link": null, "link": null, "created_by": 1, "completed": true, "likes": []}}, {"model": "voting.scorerequest", "pk": 8, "fields": {"title": "pdf test", "description": "test", "date": "2022-08-23T08:52:23.337Z", "upvotes": 0, "video_link": null, "link": null, "created_by": 1, "completed": true, "likes": []}}, {"model": "voting.scorerequest", "pk": 9, "fields": {"title": "pdf uplad", "description": "asdas", "date": "2022-08-30T13:16:55.801Z", "upvotes": 0, "video_link": null, "link": null, "created_by": 1, "completed": false, "likes": [1]}}, {"model": "voting.scorerequest", "pk": 10, "fields": {"title": "new request", "description": "test", "date": "2022-08-30T13:17:52.974Z", "upvotes": 1, "video_link": null, "link": null, "created_by": 1, "completed": true, "likes": [1]}}, {"model": "voting.comment", "pk": 1, "fields": {"score": 3, "content": "test", "created_by": 1, "date": "2022-08-16T15:24:05.134Z"}}, {"model": "voting.comment", "pk": 2, "fields": {"score": 3, "content": "test again", "created_by": 1, "date": "2022-08-16T15:27:21.458Z"}}, {"model": "voting.comment", "pk": 3, "fields": {"score": 3, "content": "third test", "created_by": 1, "date": "2022-08-16T15:38:24.558Z"}}, {"model": "voting.comment", "pk": 4, "fields": {"score": 3, "content": "4th", "created_by": 1, "date": "2022-08-16T15:38:28.386Z"}}, {"model": "voting.comment", "pk": 5, "fields": {"score": 3, "content": "test", "created_by": 1, "date": "2022-08-16T16:06:26.928Z"}}, {"model": "voting.comment", "pk": 6, "fields": {"score": 3, "content": "modal test", "created_by": 1, "date": "2022-08-19T13:21:10.337Z"}}, {"model": "voting.comment", "pk": 10, "fields": {"score": 7, "content": "test", "created_by": 1, "date": "2022-08-19T19:07:07.404Z"}}, {"model": "voting.comment", "pk": 12, "fields": {"score": 10, "content": "test", "created_by": 1, "date": "2022-08-30T13:16:30.745Z"}}, {"model": "voting.scoresubmissions", "pk": 1, "fields": {"score": 7, "content": "Here's my submission!", "link": "http://127.0.0.1:8000/products/6/", "PDF": "", "PDFpath": null, "created_by": 1, "date": "2022-08-22T15:50:52.747Z", "accepted": true}}, {"model": "voting.scoresubmissions", "pk": 2, "fields": {"score": 3, "content": "test", "link": null, "PDF": "", "PDFpath": null, "created_by": 1, "date": "2022-08-19T20:11:40.969Z", "accepted": false}}, {"model": "voting.scoresubmissions", "pk": 3, "fields": {"score": 3, "content": "test 2", "link": "http://127.0.0.1:8000/products/7/", "PDF": "", "PDFpath": null, "created_by": 1, "date": "2022-08-19T20:12:00.135Z", "accepted": false}}, {"model": "voting.scoresubmissions", "pk": 4, "fields": {"score": 3, "content": "test 3", "link": "http://127.0.0.1:8000/products/6/", "PDF": "", "PDFpath": null, "created_by": 1, "date": "2022-08-19T20:16:53.300Z", "accepted": false}}, {"model": "voting.scoresubmissions", "pk": 5, "fields": {"score": 3, "content": "test 5", "link": null, "PDF": "submission_request_luketedwards_final trst.pdf", "PDFpath": null, "created_by": 1, "date": "2022-08-22T16:13:18.928Z", "accepted": true}}, {"model": "voting.scoresubmissions", "pk": 6, "fields": {"score": 8, "content": "try this", "link": null, "PDF": "submission_request_luketedwards2_pdf test.pdf", "PDFpath": null, "created_by": 2, "date": "2022-08-22T16:16:23.457Z", "accepted": false}}, {"model": "voting.scoresubmissions", "pk": 7, "fields": {"score": 8, "content": "2", "link": null, "PDF": "media/submission_request_luketedwards2_pdf test.pdf", "PDFpath": null, "created_by": 2, "date": "2022-08-22T16:19:07.114Z", "accepted": false}}, {"model": "voting.scoresubmissions", "pk": 8, "fields": {"score": 8, "content": "test 4", "link": null, "PDF": "media/submission_request_luketedwards2_pdf test.pdf", "PDFpath": null, "created_by": 2, "date": "2022-08-22T16:26:07.382Z", "accepted": false}}, {"model": "voting.scoresubmissions", "pk": 9, "fields": {"score": 8, "content": "test 5", "link": null, "PDF": "", "PDFpath": null, "created_by": 2, "date": "2022-08-22T16:38:54.992Z", "accepted": false}}, {"model": "voting.scoresubmissions", "pk": 10, "fields": {"score": 8, "content": "test 6", "link": null, "PDF": "", "PDFpath": null, "created_by": 2, "date": "2022-08-22T16:39:18.278Z", "accepted": false}}, {"model": "voting.scoresubmissions", "pk": 11, "fields": {"score": 8, "content": "test 7", "link": null, "PDF": "", "PDFpath": null, "created_by": 2, "date": "2022-08-22T16:43:18.350Z", "accepted": false}}, {"model": "voting.scoresubmissions", "pk": 12, "fields": {"score": 8, "content": "test 8", "link": null, "PDF": "", "PDFpath": null, "created_by": 2, "date": "2022-08-22T16:43:48.897Z", "accepted": false}}, {"model": "voting.scoresubmissions", "pk": 13, "fields": {"score": 8, "content": "test 9", "link": null, "PDF": "", "PDFpath": null, "created_by": 2, "date": "2022-08-22T16:45:00.533Z", "accepted": false}}, {"model": "voting.scoresubmissions", "pk": 14, "fields": {"score": 8, "content": "test 10", "link": null, "PDF": "", "PDFpath": null, "created_by": 2, "date": "2022-08-22T16:51:19.701Z", "accepted": false}}, {"model": "voting.scoresubmissions", "pk": 15, "fields": {"score": 8, "content": "11", "link": null, "PDF": "", "PDFpath": null, "created_by": 2, "date": "2022-08-22T16:52:42.381Z", "accepted": false}}, {"model": "voting.scoresubmissions", "pk": 16, "fields": {"score": 8, "content": "13", "link": null, "PDF": "", "PDFpath": null, "created_by": 2, "date": "2022-08-22T16:55:50.088Z", "accepted": false}}, {"model": "voting.scoresubmissions", "pk": 17, "fields": {"score": 8, "content": "14", "link": null, "PDF": "", "PDFpath": null, "created_by": 2, "date": "2022-08-22T16:56:28.129Z", "accepted": false}}, {"model": "voting.scoresubmissions", "pk": 18, "fields": {"score": 8, "content": "14", "link": null, "PDF": "", "PDFpath": null, "created_by": 2, "date": "2022-08-22T16:57:07.454Z", "accepted": false}}, {"model": "voting.scoresubmissions", "pk": 19, "fields": {"score": 8, "content": "15", "link": null, "PDF": "", "PDFpath": null, "created_by": 2, "date": "2022-08-22T17:00:57.328Z", "accepted": false}}, {"model": "voting.scoresubmissions", "pk": 20, "fields": {"score": 8, "content": "19", "link": null, "PDF": "tripping_up_the_stairs_ornaments_GY1f6h5.pdf", "PDFpath": null, "created_by": 2, "date": "2022-08-22T17:09:56.027Z", "accepted": false}}, {"model": "voting.scoresubmissions", "pk": 21, "fields": {"score": 8, "content": "21", "link": null, "PDF": "tripping_up_the_stairs_ornaments_gIWnjGo.pdf", "PDFpath": null, "created_by": 2, "date": "2022-08-22T17:10:43.773Z", "accepted": true}}, {"model": "voting.scoresubmissions", "pk": 22, "fields": {"score": 9, "content": "1", "link": null, "PDF": "Fury_Riff.pdf", "PDFpath": "media/submissions/submission_request_luketedwards2_pdf uplad.pdf", "created_by": 2, "date": "2022-08-22T17:18:57.014Z", "accepted": true}}, {"model": "voting.scoresubmissions", "pk": 23, "fields": {"score": 10, "content": "test", "link": "http://127.0.0.1:8000/products/6/", "PDF": "", "PDFpath": null, "created_by": 3, "date": "2022-08-30T13:17:52.977Z", "accepted": true}}]